ISO-10303-21;
HEADER;
/* Generated by software containing ST-Developer
 * from STEP Tools, Inc. (www.steptools.com) 
 */

FILE_DESCRIPTION(
/* description */ (''),
/* implementation_level */ '2;1');

FILE_NAME(
/* name */ 'spool for turret version idk.step',
/* time_stamp */ '2026-09-27T20:37:26+03:00',
/* author */ (''),
/* organization */ (''),
/* preprocessor_version */ 'ST-DEVELOPER v20.2',
/* originating_system */ 'Autodesk Translation Framework v15.15.0.0',
/* authorisation */ '');

FILE_SCHEMA (('AUTOMOTIVE_DESIGN { 1 0 10303 214 3 1 1 }'));
ENDSEC;

DATA;
#10=MECHANICAL_DESIGN_GEOMETRIC_PRESENTATION_REPRESENTATION('',(#13,#14),
#2428);
#11=SHAPE_REPRESENTATION_RELATIONSHIP('SRR','None',#2435,#12);
#12=ADVANCED_BREP_SHAPE_REPRESENTATION('',(#15,#16),#2427);
#13=STYLED_ITEM('',(#2444),#15);
#14=STYLED_ITEM('',(#2444),#16);
#15=MANIFOLD_SOLID_BREP('Body1',#263);
#16=MANIFOLD_SOLID_BREP('Body3',#264);
#17=FACE_BOUND('',#77,.T.);
#18=FACE_BOUND('',#80,.T.);
#19=FACE_BOUND('',#89,.T.);
#20=FACE_BOUND('',#92,.T.);
#21=(
BOUNDED_CURVE()
B_SPLINE_CURVE(5,(#715,#716,#717,#718,#719,#720,#721,#722,#723,#724,#725,
#726,#727),.UNSPECIFIED.,.F.,.F.)
B_SPLINE_CURVE_WITH_KNOTS((6,1,1,1,1,1,1,1,6),(0.125673339240673,0.2,0.3,
0.4,0.5,0.6,0.7,0.8,0.874326660759453),.UNSPECIFIED.)
CURVE()
GEOMETRIC_REPRESENTATION_ITEM()
RATIONAL_B_SPLINE_CURVE((1.,1.,1.,1.,1.,1.,1.,1.,1.,1.,1.,1.,1.))
REPRESENTATION_ITEM('')
);
#22=(
BOUNDED_CURVE()
B_SPLINE_CURVE(5,(#1749,#1750,#1751,#1752,#1753,#1754,#1755,#1756,#1757,
#1758,#1759,#1760,#1761),.UNSPECIFIED.,.F.,.F.)
B_SPLINE_CURVE_WITH_KNOTS((6,1,1,1,1,1,1,1,6),(0.125673339240673,0.2,0.3,
0.4,0.5,0.6,0.7,0.8,0.874326660759453),.UNSPECIFIED.)
CURVE()
GEOMETRIC_REPRESENTATION_ITEM()
RATIONAL_B_SPLINE_CURVE((1.,1.,1.,1.,1.,1.,1.,1.,1.,1.,1.,1.,1.))
REPRESENTATION_ITEM('')
);
#23=(
BOUNDED_SURFACE()
B_SPLINE_SURFACE(5,2,((#579,#580,#581,#582,#583,#584,#585,#586,#587),(#588,
#589,#590,#591,#592,#593,#594,#595,#596),(#597,#598,#599,#600,#601,#602,
#603,#604,#605),(#606,#607,#608,#609,#610,#611,#612,#613,#614),(#615,#616,
#617,#618,#619,#620,#621,#622,#623),(#624,#625,#626,#627,#628,#629,#630,
#631,#632),(#633,#634,#635,#636,#637,#638,#639,#640,#641),(#642,#643,#644,
#645,#646,#647,#648,#649,#650),(#651,#652,#653,#654,#655,#656,#657,#658,
#659),(#660,#661,#662,#663,#664,#665,#666,#667,#668),(#669,#670,#671,#672,
#673,#674,#675,#676,#677),(#678,#679,#680,#681,#682,#683,#684,#685,#686),
(#687,#688,#689,#690,#691,#692,#693,#694,#695),(#696,#697,#698,#699,#700,
#701,#702,#703,#704),(#705,#706,#707,#708,#709,#710,#711,#712,#713)),
 .UNSPECIFIED.,.F.,.T.,.F.)
B_SPLINE_SURFACE_WITH_KNOTS((6,1,1,1,1,1,1,1,1,1,6),(3,2,2,2,3),(-1.,-0.9,
-0.8,-0.7,-0.6,-0.5,-0.4,-0.3,-0.2,-0.1,0.),(0.,1.5707963267949,3.14159265358979,
4.71238898038469,6.28318530717959),.UNSPECIFIED.)
GEOMETRIC_REPRESENTATION_ITEM()
RATIONAL_B_SPLINE_SURFACE(((1.,0.707106781186548,1.,0.707106781186548,1.,
0.707106781186548,1.,0.707106781186548,1.),(1.,0.707106781186548,1.,0.707106781186548,
1.,0.707106781186548,1.,0.707106781186548,1.),(1.,0.707106781186548,1.,
0.707106781186548,1.,0.707106781186548,1.,0.707106781186548,1.),(1.,0.707106781186548,
1.,0.707106781186548,1.,0.707106781186548,1.,0.707106781186548,1.),(1.,
0.707106781186548,1.,0.707106781186548,1.,0.707106781186548,1.,0.707106781186548,
1.),(1.,0.707106781186548,1.,0.707106781186548,1.,0.707106781186548,1.,
0.707106781186548,1.),(1.,0.707106781186548,1.,0.707106781186548,1.,0.707106781186548,
1.,0.707106781186548,1.),(1.,0.707106781186548,1.,0.707106781186548,1.,
0.707106781186548,1.,0.707106781186548,1.),(1.,0.707106781186548,1.,0.707106781186548,
1.,0.707106781186548,1.,0.707106781186548,1.),(1.,0.707106781186548,1.,
0.707106781186548,1.,0.707106781186548,1.,0.707106781186548,1.),(1.,0.707106781186548,
1.,0.707106781186548,1.,0.707106781186548,1.,0.707106781186548,1.),(1.,
0.707106781186548,1.,0.707106781186548,1.,0.707106781186548,1.,0.707106781186548,
1.),(1.,0.707106781186548,1.,0.707106781186548,1.,0.707106781186548,1.,
0.707106781186548,1.),(1.,0.707106781186548,1.,0.707106781186548,1.,0.707106781186548,
1.,0.707106781186548,1.),(1.,0.707106781186548,1.,0.707106781186548,1.,
0.707106781186548,1.,0.707106781186548,1.)))
REPRESENTATION_ITEM('')
SURFACE()
);
#24=(
BOUNDED_SURFACE()
B_SPLINE_SURFACE(5,2,((#1613,#1614,#1615,#1616,#1617,#1618,#1619,#1620,
#1621),(#1622,#1623,#1624,#1625,#1626,#1627,#1628,#1629,#1630),(#1631,#1632,
#1633,#1634,#1635,#1636,#1637,#1638,#1639),(#1640,#1641,#1642,#1643,#1644,
#1645,#1646,#1647,#1648),(#1649,#1650,#1651,#1652,#1653,#1654,#1655,#1656,
#1657),(#1658,#1659,#1660,#1661,#1662,#1663,#1664,#1665,#1666),(#1667,#1668,
#1669,#1670,#1671,#1672,#1673,#1674,#1675),(#1676,#1677,#1678,#1679,#1680,
#1681,#1682,#1683,#1684),(#1685,#1686,#1687,#1688,#1689,#1690,#1691,#1692,
#1693),(#1694,#1695,#1696,#1697,#1698,#1699,#1700,#1701,#1702),(#1703,#1704,
#1705,#1706,#1707,#1708,#1709,#1710,#1711),(#1712,#1713,#1714,#1715,#1716,
#1717,#1718,#1719,#1720),(#1721,#1722,#1723,#1724,#1725,#1726,#1727,#1728,
#1729),(#1730,#1731,#1732,#1733,#1734,#1735,#1736,#1737,#1738),(#1739,#1740,
#1741,#1742,#1743,#1744,#1745,#1746,#1747)),.UNSPECIFIED.,.F.,.T.,.F.)
B_SPLINE_SURFACE_WITH_KNOTS((6,1,1,1,1,1,1,1,1,1,6),(3,2,2,2,3),(-1.,-0.9,
-0.8,-0.7,-0.6,-0.5,-0.4,-0.3,-0.2,-0.1,0.),(0.,1.5707963267949,3.14159265358979,
4.71238898038469,6.28318530717959),.UNSPECIFIED.)
GEOMETRIC_REPRESENTATION_ITEM()
RATIONAL_B_SPLINE_SURFACE(((1.,0.707106781186548,1.,0.707106781186548,1.,
0.707106781186548,1.,0.707106781186548,1.),(1.,0.707106781186548,1.,0.707106781186548,
1.,0.707106781186548,1.,0.707106781186548,1.),(1.,0.707106781186548,1.,
0.707106781186548,1.,0.707106781186548,1.,0.707106781186548,1.),(1.,0.707106781186548,
1.,0.707106781186548,1.,0.707106781186548,1.,0.707106781186548,1.),(1.,
0.707106781186548,1.,0.707106781186548,1.,0.707106781186548,1.,0.707106781186548,
1.),(1.,0.707106781186548,1.,0.707106781186548,1.,0.707106781186548,1.,
0.707106781186548,1.),(1.,0.707106781186548,1.,0.707106781186548,1.,0.707106781186548,
1.,0.707106781186548,1.),(1.,0.707106781186548,1.,0.707106781186548,1.,
0.707106781186548,1.,0.707106781186548,1.),(1.,0.707106781186548,1.,0.707106781186548,
1.,0.707106781186548,1.,0.707106781186548,1.),(1.,0.707106781186548,1.,
0.707106781186548,1.,0.707106781186548,1.,0.707106781186548,1.),(1.,0.707106781186548,
1.,0.707106781186548,1.,0.707106781186548,1.,0.707106781186548,1.),(1.,
0.707106781186548,1.,0.707106781186548,1.,0.707106781186548,1.,0.707106781186548,
1.),(1.,0.707106781186548,1.,0.707106781186548,1.,0.707106781186548,1.,
0.707106781186548,1.),(1.,0.707106781186548,1.,0.707106781186548,1.,0.707106781186548,
1.,0.707106781186548,1.),(1.,0.707106781186548,1.,0.707106781186548,1.,
0.707106781186548,1.,0.707106781186548,1.)))
REPRESENTATION_ITEM('')
SURFACE()
);
#25=B_SPLINE_CURVE_WITH_KNOTS('',3,(#534,#535,#536,#537,#538,#539,#540,
#541,#542),.UNSPECIFIED.,.F.,.F.,(4,1,1,1,1,1,4),(0.,0.214285714285714,
0.285714285714286,0.428571428571429,0.571428571428571,0.857142857142857,
1.),.UNSPECIFIED.);
#26=B_SPLINE_CURVE_WITH_KNOTS('',3,(#543,#544,#545,#546,#547,#548,#549,
#550,#551,#552,#553,#554,#555,#556,#557,#558,#559,#560),.UNSPECIFIED.,.T.,
 .F.,(4,1,1,1,1,1,1,1,1,1,1,1,1,1,1,4),(0.,0.920581957073941,1.84116391414788,
2.76174587122182,3.68232782829576,4.29604913301172,4.90977043772769,5.52349174244365,
6.13721304715961,7.36465565659153,8.59209826602345,9.20581957073941,9.81954087545537,
11.0469834848873,11.9675654419612,12.8881473990352),.UNSPECIFIED.);
#27=B_SPLINE_CURVE_WITH_KNOTS('',3,(#561,#562,#563,#564,#565,#566,#567,
#568,#569,#570,#571,#572,#573,#574,#575,#576,#577,#578),.UNSPECIFIED.,.T.,
 .F.,(4,1,1,1,1,1,1,1,1,1,1,1,1,1,1,4),(-12.8881473990352,-11.9675654419612,
-11.0469834848873,-9.81954087545537,-9.20581957073941,-8.59209826602345,
-7.36465565659153,-6.13721304715961,-5.52349174244365,-4.90977043772769,
-4.29604913301172,-3.68232782829576,-2.76174587122182,-1.84116391414788,
-0.920581957073941,0.),.UNSPECIFIED.);
#28=B_SPLINE_CURVE_WITH_KNOTS('',3,(#728,#729,#730,#731,#732,#733,#734,
#735,#736,#737,#738,#739,#740,#741,#742,#743,#744,#745,#746,#747,#748,#749,
#750,#751,#752,#753,#754,#755,#756,#757,#758,#759,#760,#761,#762,#763,#764,
#765,#766,#767,#768,#769,#770,#771,#772,#773,#774,#775,#776,#777,#778,#779,
#780,#781,#782,#783,#784,#785,#786,#787,#788,#789,#790,#791,#792,#793,#794,
#795,#796,#797,#798,#799,#800,#801,#802,#803,#804,#805,#806,#807,#808,#809,
#810,#811,#812,#813,#814,#815,#816,#817,#818,#819,#820,#821,#822,#823,#824,
#825,#826,#827,#828,#829,#830,#831,#832,#833,#834,#835,#836,#837,#838,#839,
#840,#841,#842,#843,#844,#845,#846,#847,#848,#849,#850,#851,#852,#853,#854,
#855,#856,#857,#858,#859,#860,#861,#862,#863,#864,#865,#866,#867,#868,#869,
#870,#871,#872,#873,#874,#875,#876,#877,#878,#879,#880,#881,#882,#883,#884,
#885,#886,#887,#888,#889,#890,#891,#892,#893,#894,#895,#896,#897,#898,#899,
#900,#901,#902,#903,#904,#905,#906,#907,#908,#909,#910,#911,#912,#913,#914,
#915,#916,#917,#918,#919,#920,#921,#922,#923,#924,#925,#926,#927,#928,#929,
#930,#931,#932,#933,#934,#935,#936,#937,#938,#939,#940,#941,#942,#943,#944,
#945,#946,#947,#948,#949,#950,#951,#952,#953,#954,#955,#956,#957,#958,#959,
#960,#961,#962,#963,#964,#965,#966,#967,#968,#969,#970,#971,#972,#973,#974,
#975,#976,#977,#978,#979,#980,#981,#982,#983,#984,#985,#986,#987,#988,#989,
#990,#991,#992,#993,#994,#995,#996,#997,#998,#999,#1000,#1001,#1002,#1003,
#1004,#1005,#1006,#1007,#1008,#1009,#1010,#1011,#1012,#1013,#1014,#1015,
#1016,#1017,#1018,#1019,#1020,#1021,#1022,#1023,#1024,#1025,#1026,#1027,
#1028,#1029,#1030,#1031,#1032,#1033,#1034,#1035,#1036,#1037,#1038,#1039,
#1040,#1041,#1042,#1043,#1044,#1045,#1046,#1047,#1048,#1049,#1050,#1051,
#1052,#1053,#1054,#1055,#1056,#1057,#1058,#1059,#1060,#1061,#1062,#1063,
#1064,#1065,#1066,#1067,#1068,#1069,#1070,#1071,#1072,#1073,#1074,#1075,
#1076,#1077,#1078,#1079,#1080,#1081,#1082,#1083,#1084,#1085,#1086,#1087,
#1088,#1089,#1090,#1091,#1092,#1093,#1094,#1095,#1096,#1097,#1098,#1099,
#1100,#1101,#1102,#1103,#1104,#1105,#1106,#1107,#1108,#1109,#1110,#1111,
#1112,#1113,#1114,#1115,#1116,#1117,#1118,#1119,#1120,#1121,#1122,#1123,
#1124,#1125,#1126,#1127,#1128,#1129,#1130,#1131,#1132,#1133,#1134,#1135,
#1136,#1137,#1138,#1139,#1140,#1141,#1142,#1143,#1144,#1145,#1146,#1147,
#1148,#1149,#1150,#1151,#1152,#1153,#1154,#1155,#1156,#1157,#1158,#1159,
#1160,#1161,#1162,#1163,#1164,#1165,#1166,#1167,#1168,#1169,#1170,#1171,
#1172,#1173,#1174,#1175,#1176,#1177,#1178,#1179,#1180,#1181),
 .UNSPECIFIED.,.T.,.F.,(4,3,3,3,3,3,3,3,3,3,3,3,3,3,3,3,3,3,3,3,3,3,3,3,
3,3,3,3,3,3,3,3,3,3,3,3,3,3,3,3,3,3,3,3,3,3,3,3,3,3,3,3,3,3,3,3,3,3,3,3,
3,3,3,3,3,3,3,3,3,3,3,3,3,3,3,3,3,3,3,3,3,3,3,3,3,3,3,3,3,3,3,3,3,3,3,3,
3,3,3,3,3,3,3,3,3,3,3,3,3,3,3,3,3,3,3,3,3,3,3,3,3,3,3,3,3,3,3,3,3,3,3,3,
3,3,3,3,3,3,3,3,3,3,3,3,3,3,3,3,3,3,3,4),(-12.8881473990183,-12.7874587474635,
-12.6875567259989,-12.5884351890771,-12.4900880391624,-12.3925092263565,
-12.2956927480255,-12.1996326484316,-12.1043230183657,-12.0097579947847,
-11.9159317604505,-11.822838543572,-11.7304726174503,-11.6388283001265,
-11.5478999540317,-11.4576819856409,-11.3681688451281,-11.2793550260255,
-11.1912350648847,-11.1031362044487,-11.0149003420686,-10.9264719516351,
-10.8377952886548,-10.748814312892,-10.6594726105385,-10.569713315759,-10.4794790314516,
-10.3887117490635,-10.2973527673008,-10.2053426095586,-10.1126209399058,
-10.0191264774463,-9.92479690887088,-9.82956879901657,-9.73337749923814,
-9.69535649338175,-9.67642025023061,-9.66695392057191,-9.66339026016675,
-9.5671106817062,-9.47181041236599,-9.37742289690943,-9.28388294636142,
-9.19112663928744,-9.09909122584974,-9.0077150344223,-8.91693738055522,
-8.82669847808835,-8.73693935222052,-8.64760175434728,-8.5586280784858,
-8.4699612791108,-8.38154479023448,-8.29332244555822,-8.20523839953702,
-8.11723704919543,-8.02926295653725,-7.94126077139266,-7.85317515455136,
-7.76495070102377,-7.67653186328179,-7.58786287432304,-7.4988876704062,
-7.40954981330306,-7.31979241190967,-7.22955804305869,-7.1387886713716,
-7.0474255679882,-6.95540922800141,-6.86267928643166,-6.76917443255963,
-6.67483232243412,-6.57958948937378,-6.48338125226212,-6.45805554424547,
-6.4495090522242,-6.4448757970162,-6.44127877201204,-6.34063379119935,-6.24156138821186,
-6.14403699152105,-6.04803641352853,-5.95353584456715,-5.86051184699579,
-5.76894134938648,-5.67837626301863,-5.58832254642028,-5.49872246615039,
-5.40951896270969,-5.32065557007976,-5.23207633656659,-5.1437257467889,
-5.05554864465337,-4.96749015716329,-4.87949561891034,-4.79151049709778,
-4.70348031694995,-4.61535058735817,-4.52706672661902,-4.43857398811702,
-4.34981738580534,-4.26074161933747,-4.17129099869969,-4.08140936819422,
-3.99104002961977,-3.90012566449434,-3.80860825516028,-3.71642900461134,
-3.62352825487181,-3.52984540376033,-3.43531881986128,-3.33988575551826,
-3.24348225767025,-3.23081240510123,-3.22516824020252,-3.21924355073029,
-3.11864218976996,-3.02118462133965,-2.92677260192279,-2.83343693712634,
-2.74085187642305,-2.64895789432337,-2.55769643887188,-2.46700984959541,
-2.37684127735656,-2.28713460594691,-2.19783437525947,-2.10888570588423,
-2.02023422497525,-1.93182599323998,-1.84360743290587,-1.75552525652007,
-1.66752639644227,-1.57955793489106,-1.49156703440336,-1.40350086857385,
-1.31519479885605,-1.22669103647667,-1.13793941008291,-1.04888946881095,
-0.959490422533013,-0.869691081605619,-0.779439795989899,-0.688684393615589,
-0.59704993522791,-0.504827713783582,-0.411969326506742,-0.31842574163129,
-0.223757071943532,-0.128405483503333,-0.0319822623210235,-1.77635683940025E-15),
 .UNSPECIFIED.);
#29=B_SPLINE_CURVE_WITH_KNOTS('',3,(#1355,#1356,#1357,#1358,#1359,#1360,
#1361,#1362,#1363),.UNSPECIFIED.,.F.,.F.,(4,1,1,1,1,1,4),(0.,0.214285714285714,
0.285714285714286,0.428571428571429,0.571428571428571,0.857142857142857,
1.),.UNSPECIFIED.);
#30=B_SPLINE_CURVE_WITH_KNOTS('',3,(#1364,#1365,#1366,#1367,#1368,#1369,
#1370,#1371,#1372,#1373,#1374,#1375,#1376,#1377,#1378,#1379,#1380,#1381,
#1382),.UNSPECIFIED.,.T.,.F.,(4,1,1,1,1,1,1,1,1,1,1,1,1,1,1,1,4),(0.,0.920581957072738,
1.84116391414548,3.06860652357579,3.68232782829095,4.29604913300611,4.90977043772127,
5.52349174243643,6.13721304715159,6.75093435186675,7.36465565658191,7.97837696129706,
9.20581957072738,10.1264015278001,11.0469834848729,11.9675654419456,12.8881473990183),
 .UNSPECIFIED.);
#31=B_SPLINE_CURVE_WITH_KNOTS('',3,(#1568,#1569,#1570,#1571,#1572,#1573,
#1574,#1575,#1576),.UNSPECIFIED.,.F.,.F.,(4,1,1,1,1,1,4),(0.,0.214285714285714,
0.285714285714286,0.428571428571429,0.571428571428571,0.857142857142857,
1.),.UNSPECIFIED.);
#32=B_SPLINE_CURVE_WITH_KNOTS('',3,(#1577,#1578,#1579,#1580,#1581,#1582,
#1583,#1584,#1585,#1586,#1587,#1588,#1589,#1590,#1591,#1592,#1593,#1594),
 .UNSPECIFIED.,.T.,.F.,(4,1,1,1,1,1,1,1,1,1,1,1,1,1,1,4),(0.,0.920581957073941,
1.84116391414788,2.76174587122182,3.68232782829576,4.29604913301172,5.52349174244365,
5.83035239480163,6.13721304715961,7.36465565659153,8.59209826602345,9.20581957073941,
9.81954087545537,11.0469834848873,11.9675654419612,12.8881473990352),
 .UNSPECIFIED.);
#33=B_SPLINE_CURVE_WITH_KNOTS('',3,(#1595,#1596,#1597,#1598,#1599,#1600,
#1601,#1602,#1603,#1604,#1605,#1606,#1607,#1608,#1609,#1610,#1611,#1612),
 .UNSPECIFIED.,.T.,.F.,(4,1,1,1,1,1,1,1,1,1,1,1,1,1,1,4),(-12.8881473990352,
-11.9675654419612,-11.0469834848873,-9.81954087545537,-9.20581957073941,
-8.59209826602345,-7.36465565659153,-6.13721304715961,-5.83035239480163,
-5.52349174244365,-4.29604913301172,-3.68232782829576,-2.76174587122182,
-1.84116391414788,-0.920581957073941,0.),.UNSPECIFIED.);
#34=B_SPLINE_CURVE_WITH_KNOTS('',3,(#1762,#1763,#1764,#1765,#1766,#1767,
#1768,#1769,#1770,#1771,#1772,#1773,#1774,#1775,#1776,#1777,#1778,#1779,
#1780,#1781,#1782,#1783,#1784,#1785,#1786,#1787,#1788,#1789,#1790,#1791,
#1792,#1793,#1794,#1795,#1796,#1797,#1798,#1799,#1800,#1801,#1802,#1803,
#1804,#1805,#1806,#1807,#1808,#1809,#1810,#1811,#1812,#1813,#1814,#1815,
#1816,#1817,#1818,#1819,#1820,#1821,#1822,#1823,#1824,#1825,#1826,#1827,
#1828,#1829,#1830,#1831,#1832,#1833,#1834,#1835,#1836,#1837,#1838,#1839,
#1840,#1841,#1842,#1843,#1844,#1845,#1846,#1847,#1848,#1849,#1850,#1851,
#1852,#1853,#1854,#1855,#1856,#1857,#1858,#1859,#1860,#1861,#1862,#1863,
#1864,#1865,#1866,#1867,#1868,#1869,#1870,#1871,#1872,#1873,#1874,#1875,
#1876,#1877,#1878,#1879,#1880,#1881,#1882,#1883,#1884,#1885,#1886,#1887,
#1888,#1889,#1890,#1891,#1892,#1893,#1894,#1895,#1896,#1897,#1898,#1899,
#1900,#1901,#1902,#1903,#1904,#1905,#1906,#1907,#1908,#1909,#1910,#1911,
#1912,#1913,#1914,#1915,#1916,#1917,#1918,#1919,#1920,#1921,#1922,#1923,
#1924,#1925,#1926,#1927,#1928,#1929,#1930,#1931,#1932,#1933,#1934,#1935,
#1936,#1937,#1938,#1939,#1940,#1941,#1942,#1943,#1944,#1945,#1946,#1947,
#1948,#1949,#1950,#1951,#1952,#1953,#1954,#1955,#1956,#1957,#1958,#1959,
#1960,#1961,#1962,#1963,#1964,#1965,#1966,#1967,#1968,#1969,#1970,#1971,
#1972,#1973,#1974,#1975,#1976,#1977,#1978,#1979,#1980,#1981,#1982,#1983,
#1984,#1985,#1986,#1987,#1988,#1989,#1990,#1991,#1992,#1993,#1994,#1995,
#1996,#1997,#1998,#1999,#2000,#2001,#2002,#2003,#2004,#2005,#2006,#2007,
#2008,#2009,#2010,#2011,#2012,#2013,#2014,#2015,#2016,#2017,#2018,#2019,
#2020,#2021,#2022,#2023,#2024,#2025,#2026,#2027,#2028,#2029,#2030,#2031,
#2032,#2033,#2034,#2035,#2036,#2037,#2038,#2039,#2040,#2041,#2042,#2043,
#2044,#2045,#2046,#2047,#2048,#2049,#2050,#2051,#2052,#2053,#2054,#2055,
#2056,#2057,#2058,#2059,#2060,#2061,#2062,#2063,#2064,#2065,#2066,#2067,
#2068,#2069,#2070,#2071,#2072,#2073,#2074,#2075,#2076,#2077,#2078,#2079,
#2080,#2081,#2082,#2083,#2084,#2085,#2086,#2087,#2088,#2089,#2090,#2091,
#2092,#2093,#2094,#2095,#2096,#2097,#2098,#2099,#2100,#2101,#2102,#2103,
#2104,#2105,#2106,#2107,#2108,#2109,#2110,#2111,#2112,#2113,#2114,#2115,
#2116,#2117,#2118,#2119,#2120,#2121,#2122,#2123,#2124,#2125,#2126,#2127,
#2128,#2129,#2130,#2131,#2132,#2133,#2134,#2135,#2136,#2137,#2138,#2139,
#2140,#2141,#2142,#2143,#2144,#2145,#2146,#2147,#2148,#2149,#2150,#2151,
#2152,#2153,#2154,#2155,#2156,#2157,#2158,#2159,#2160,#2161,#2162,#2163,
#2164,#2165,#2166,#2167,#2168,#2169,#2170,#2171,#2172,#2173,#2174,#2175,
#2176,#2177,#2178,#2179,#2180,#2181,#2182,#2183,#2184,#2185,#2186,#2187,
#2188,#2189,#2190,#2191,#2192,#2193,#2194,#2195,#2196,#2197,#2198,#2199,
#2200,#2201,#2202,#2203,#2204,#2205,#2206,#2207,#2208,#2209,#2210,#2211,
#2212,#2213,#2214,#2215),.UNSPECIFIED.,.T.,.F.,(4,3,3,3,3,3,3,3,3,3,3,3,
3,3,3,3,3,3,3,3,3,3,3,3,3,3,3,3,3,3,3,3,3,3,3,3,3,3,3,3,3,3,3,3,3,3,3,3,
3,3,3,3,3,3,3,3,3,3,3,3,3,3,3,3,3,3,3,3,3,3,3,3,3,3,3,3,3,3,3,3,3,3,3,3,
3,3,3,3,3,3,3,3,3,3,3,3,3,3,3,3,3,3,3,3,3,3,3,3,3,3,3,3,3,3,3,3,3,3,3,3,
3,3,3,3,3,3,3,3,3,3,3,3,3,3,3,3,3,3,3,3,3,3,3,3,3,3,3,3,3,3,3,4),(-12.8881473990183,
-12.7874587474635,-12.6875567259989,-12.5884351890771,-12.4900880391624,
-12.3925092263565,-12.2956927480255,-12.1996326484316,-12.1043230183657,
-12.0097579947847,-11.9159317604505,-11.822838543572,-11.7304726174503,
-11.6388283001265,-11.5478999540317,-11.4576819856409,-11.3681688451281,
-11.2793550260255,-11.1912350648847,-11.1031362044488,-11.0149003420687,
-10.9264719516351,-10.8377952886548,-10.7488143128919,-10.6594726105385,
-10.5697133157592,-10.4794790314518,-10.3887117490639,-10.297352767301,
-10.2053426095584,-10.1126209399058,-10.0191264774464,-9.92479690887101,
-9.82956879901694,-9.73337749923834,-9.69535649338193,-9.6764202502308,
-9.66695392057301,-9.66339026019871,-9.56711068173789,-9.47181041239737,
-9.37742289694039,-9.28388294639186,-9.19112663931737,-9.09909122587948,
-9.00771503445163,-8.91693738058421,-8.82669847811696,-8.73693935224904,
-8.64760175437591,-8.5586280785141,-8.46996127913904,-8.38154479026275,
-8.29332244558606,-8.20523839956494,-8.11723704922287,-8.02926295656442,
-7.94126077141989,-7.85317515457846,-7.76495070105036,-7.67653186330837,
-7.58786287434924,-7.49888767043206,-7.40954981332863,-7.31979241193486,
-7.22955804308401,-7.13878867139751,-7.04742556801401,-6.95540922802786,
-6.86267928645896,-6.76917443258742,-6.67483232246227,-6.57958948940223,
-6.48338125229069,-6.45805554427393,-6.44950905231262,-6.44487579726506,
-6.4412787724122,-6.34063379159326,-6.24156138859962,-6.14403699190275,
-6.04803641390427,-5.95353584493701,-5.86051184735987,-5.76894134974487,
-5.67837626337495,-5.58832254677469,-5.49872246650308,-5.40951896306092,
-5.32065557042971,-5.23207633691558,-5.14372574713716,-5.05554864500097,
-4.96749015751065,-4.87949561925754,-4.79151049744505,-4.70348031729761,
-4.61535058770636,-4.52706672696796,-4.43857398846686,-4.34981738615633,
-4.26074161968993,-4.17129099905387,-4.08140936855019,-3.99104002997778,
-3.90012566485463,-3.80860825552328,-3.71642900497707,-3.62352825524015,
-3.52984540413186,-3.43531882023606,-3.33988575589678,-3.24348225805239,
-3.23081240548187,-3.22516824073457,-3.21924355065335,-3.11864218969543,
-3.02118462126745,-2.92677260185284,-2.83343693705703,-2.74085187635423,
-2.64895789425501,-2.55769643880394,-2.46700984952781,-2.37684127728933,
-2.28713460588001,-2.19783437519284,-2.10888570581782,-2.02023422490909,
-1.93182599317403,-1.84360743284005,-1.75552525645439,-1.66752639637682,
-1.57955793482537,-1.49156703433757,-1.40350086850806,-1.31519479879018,
-1.22669103641062,-1.13793941001662,-1.04888946874436,-0.959490422466232,
-0.869691081538582,-0.779439795922735,-0.688684393548046,-0.597049935159965,
-0.504827713715161,-0.411969326437773,-0.318425741561638,-0.22375707187341,
-0.12840548343267,-0.0319822622500391,-1.77635683940025E-15),
 .UNSPECIFIED.);
#35=B_SPLINE_CURVE_WITH_KNOTS('',3,(#2389,#2390,#2391,#2392,#2393,#2394,
#2395,#2396,#2397),.UNSPECIFIED.,.F.,.F.,(4,1,1,1,1,1,4),(0.,0.214285714285714,
0.285714285714286,0.428571428571429,0.571428571428571,0.857142857142857,
1.),.UNSPECIFIED.);
#36=B_SPLINE_CURVE_WITH_KNOTS('',3,(#2398,#2399,#2400,#2401,#2402,#2403,
#2404,#2405,#2406,#2407,#2408,#2409,#2410,#2411,#2412,#2413,#2414,#2415,
#2416),.UNSPECIFIED.,.T.,.F.,(4,1,1,1,1,1,1,1,1,1,1,1,1,1,1,1,4),(0.,0.920581957072738,
1.84116391414548,3.06860652357579,3.68232782829095,4.29604913300611,4.90977043772127,
5.52349174243643,6.13721304715159,6.75093435186675,7.36465565658191,7.97837696129706,
9.20581957072738,10.1264015278001,11.0469834848729,11.9675654419456,12.8881473990183),
 .UNSPECIFIED.);
#37=B_SPLINE_SURFACE_WITH_KNOTS('',3,3,((#370,#371,#372,#373,#374,#375,
#376,#377,#378,#379,#380,#381,#382,#383,#384,#385,#386,#387),(#388,#389,
#390,#391,#392,#393,#394,#395,#396,#397,#398,#399,#400,#401,#402,#403,#404,
#405),(#406,#407,#408,#409,#410,#411,#412,#413,#414,#415,#416,#417,#418,
#419,#420,#421,#422,#423),(#424,#425,#426,#427,#428,#429,#430,#431,#432,
#433,#434,#435,#436,#437,#438,#439,#440,#441),(#442,#443,#444,#445,#446,
#447,#448,#449,#450,#451,#452,#453,#454,#455,#456,#457,#458,#459),(#460,
#461,#462,#463,#464,#465,#466,#467,#468,#469,#470,#471,#472,#473,#474,#475,
#476,#477),(#478,#479,#480,#481,#482,#483,#484,#485,#486,#487,#488,#489,
#490,#491,#492,#493,#494,#495),(#496,#497,#498,#499,#500,#501,#502,#503,
#504,#505,#506,#507,#508,#509,#510,#511,#512,#513),(#514,#515,#516,#517,
#518,#519,#520,#521,#522,#523,#524,#525,#526,#527,#528,#529,#530,#531)),
 .UNSPECIFIED.,.F.,.T.,.F.,(4,1,1,1,1,1,4),(4,1,1,1,1,1,1,1,1,1,1,1,1,1,
1,4),(0.,0.214285714285714,0.285714285714286,0.428571428571429,0.571428571428571,
0.857142857142857,1.),(0.,0.920581957073941,1.84116391414788,2.76174587122182,
3.68232782829576,4.29604913301172,4.90977043772769,5.52349174244365,6.13721304715961,
7.36465565659153,8.59209826602345,9.20581957073941,9.81954087545537,11.0469834848873,
11.9675654419612,12.8881473990352),.UNSPECIFIED.);
#38=B_SPLINE_SURFACE_WITH_KNOTS('',3,3,((#1183,#1184,#1185,#1186,#1187,
#1188,#1189,#1190,#1191,#1192,#1193,#1194,#1195,#1196,#1197,#1198,#1199,
#1200,#1201),(#1202,#1203,#1204,#1205,#1206,#1207,#1208,#1209,#1210,#1211,
#1212,#1213,#1214,#1215,#1216,#1217,#1218,#1219,#1220),(#1221,#1222,#1223,
#1224,#1225,#1226,#1227,#1228,#1229,#1230,#1231,#1232,#1233,#1234,#1235,
#1236,#1237,#1238,#1239),(#1240,#1241,#1242,#1243,#1244,#1245,#1246,#1247,
#1248,#1249,#1250,#1251,#1252,#1253,#1254,#1255,#1256,#1257,#1258),(#1259,
#1260,#1261,#1262,#1263,#1264,#1265,#1266,#1267,#1268,#1269,#1270,#1271,
#1272,#1273,#1274,#1275,#1276,#1277),(#1278,#1279,#1280,#1281,#1282,#1283,
#1284,#1285,#1286,#1287,#1288,#1289,#1290,#1291,#1292,#1293,#1294,#1295,
#1296),(#1297,#1298,#1299,#1300,#1301,#1302,#1303,#1304,#1305,#1306,#1307,
#1308,#1309,#1310,#1311,#1312,#1313,#1314,#1315),(#1316,#1317,#1318,#1319,
#1320,#1321,#1322,#1323,#1324,#1325,#1326,#1327,#1328,#1329,#1330,#1331,
#1332,#1333,#1334),(#1335,#1336,#1337,#1338,#1339,#1340,#1341,#1342,#1343,
#1344,#1345,#1346,#1347,#1348,#1349,#1350,#1351,#1352,#1353)),
 .UNSPECIFIED.,.F.,.T.,.F.,(4,1,1,1,1,1,4),(4,1,1,1,1,1,1,1,1,1,1,1,1,1,
1,1,4),(0.,0.214285714285714,0.285714285714286,0.428571428571429,0.571428571428571,
0.857142857142857,1.),(0.,0.920581957072738,1.84116391414548,3.06860652357579,
3.68232782829095,4.29604913300611,4.90977043772127,5.52349174243643,6.13721304715159,
6.75093435186675,7.36465565658191,7.97837696129706,9.20581957072738,10.1264015278001,
11.0469834848729,11.9675654419456,12.8881473990183),.UNSPECIFIED.);
#39=B_SPLINE_SURFACE_WITH_KNOTS('',3,3,((#1404,#1405,#1406,#1407,#1408,
#1409,#1410,#1411,#1412,#1413,#1414,#1415,#1416,#1417,#1418,#1419,#1420,
#1421),(#1422,#1423,#1424,#1425,#1426,#1427,#1428,#1429,#1430,#1431,#1432,
#1433,#1434,#1435,#1436,#1437,#1438,#1439),(#1440,#1441,#1442,#1443,#1444,
#1445,#1446,#1447,#1448,#1449,#1450,#1451,#1452,#1453,#1454,#1455,#1456,
#1457),(#1458,#1459,#1460,#1461,#1462,#1463,#1464,#1465,#1466,#1467,#1468,
#1469,#1470,#1471,#1472,#1473,#1474,#1475),(#1476,#1477,#1478,#1479,#1480,
#1481,#1482,#1483,#1484,#1485,#1486,#1487,#1488,#1489,#1490,#1491,#1492,
#1493),(#1494,#1495,#1496,#1497,#1498,#1499,#1500,#1501,#1502,#1503,#1504,
#1505,#1506,#1507,#1508,#1509,#1510,#1511),(#1512,#1513,#1514,#1515,#1516,
#1517,#1518,#1519,#1520,#1521,#1522,#1523,#1524,#1525,#1526,#1527,#1528,
#1529),(#1530,#1531,#1532,#1533,#1534,#1535,#1536,#1537,#1538,#1539,#1540,
#1541,#1542,#1543,#1544,#1545,#1546,#1547),(#1548,#1549,#1550,#1551,#1552,
#1553,#1554,#1555,#1556,#1557,#1558,#1559,#1560,#1561,#1562,#1563,#1564,
#1565)),.UNSPECIFIED.,.F.,.T.,.F.,(4,1,1,1,1,1,4),(4,1,1,1,1,1,1,1,1,1,
1,1,1,1,1,4),(0.,0.214285714285714,0.285714285714286,0.428571428571429,
0.571428571428571,0.857142857142857,1.),(0.,0.920581957073941,1.84116391414788,
2.76174587122182,3.68232782829576,4.29604913301172,5.52349174244365,5.83035239480163,
6.13721304715961,7.36465565659153,8.59209826602345,9.20581957073941,9.81954087545537,
11.0469834848873,11.9675654419612,12.8881473990352),.UNSPECIFIED.);
#40=B_SPLINE_SURFACE_WITH_KNOTS('',3,3,((#2217,#2218,#2219,#2220,#2221,
#2222,#2223,#2224,#2225,#2226,#2227,#2228,#2229,#2230,#2231,#2232,#2233,
#2234,#2235),(#2236,#2237,#2238,#2239,#2240,#2241,#2242,#2243,#2244,#2245,
#2246,#2247,#2248,#2249,#2250,#2251,#2252,#2253,#2254),(#2255,#2256,#2257,
#2258,#2259,#2260,#2261,#2262,#2263,#2264,#2265,#2266,#2267,#2268,#2269,
#2270,#2271,#2272,#2273),(#2274,#2275,#2276,#2277,#2278,#2279,#2280,#2281,
#2282,#2283,#2284,#2285,#2286,#2287,#2288,#2289,#2290,#2291,#2292),(#2293,
#2294,#2295,#2296,#2297,#2298,#2299,#2300,#2301,#2302,#2303,#2304,#2305,
#2306,#2307,#2308,#2309,#2310,#2311),(#2312,#2313,#2314,#2315,#2316,#2317,
#2318,#2319,#2320,#2321,#2322,#2323,#2324,#2325,#2326,#2327,#2328,#2329,
#2330),(#2331,#2332,#2333,#2334,#2335,#2336,#2337,#2338,#2339,#2340,#2341,
#2342,#2343,#2344,#2345,#2346,#2347,#2348,#2349),(#2350,#2351,#2352,#2353,
#2354,#2355,#2356,#2357,#2358,#2359,#2360,#2361,#2362,#2363,#2364,#2365,
#2366,#2367,#2368),(#2369,#2370,#2371,#2372,#2373,#2374,#2375,#2376,#2377,
#2378,#2379,#2380,#2381,#2382,#2383,#2384,#2385,#2386,#2387)),
 .UNSPECIFIED.,.F.,.T.,.F.,(4,1,1,1,1,1,4),(4,1,1,1,1,1,1,1,1,1,1,1,1,1,
1,1,4),(0.,0.214285714285714,0.285714285714286,0.428571428571429,0.571428571428571,
0.857142857142857,1.),(0.,0.920581957072738,1.84116391414548,3.06860652357579,
3.68232782829095,4.29604913300611,4.90977043772127,5.52349174243643,6.13721304715159,
6.75093435186675,7.36465565658191,7.97837696129706,9.20581957072738,10.1264015278001,
11.0469834848729,11.9675654419456,12.8881473990183),.UNSPECIFIED.);
#41=PLANE('',#281);
#42=PLANE('',#282);
#43=PLANE('',#283);
#44=PLANE('',#284);
#45=PLANE('',#286);
#46=PLANE('',#292);
#47=PLANE('',#293);
#48=PLANE('',#294);
#49=PLANE('',#295);
#50=PLANE('',#297);
#51=FACE_OUTER_BOUND('',#71,.T.);
#52=FACE_OUTER_BOUND('',#72,.T.);
#53=FACE_OUTER_BOUND('',#73,.T.);
#54=FACE_OUTER_BOUND('',#74,.T.);
#55=FACE_OUTER_BOUND('',#75,.T.);
#56=FACE_OUTER_BOUND('',#76,.T.);
#57=FACE_OUTER_BOUND('',#78,.T.);
#58=FACE_OUTER_BOUND('',#79,.T.);
#59=FACE_OUTER_BOUND('',#81,.T.);
#60=FACE_OUTER_BOUND('',#82,.T.);
#61=FACE_OUTER_BOUND('',#83,.T.);
#62=FACE_OUTER_BOUND('',#84,.T.);
#63=FACE_OUTER_BOUND('',#85,.T.);
#64=FACE_OUTER_BOUND('',#86,.T.);
#65=FACE_OUTER_BOUND('',#87,.T.);
#66=FACE_OUTER_BOUND('',#88,.T.);
#67=FACE_OUTER_BOUND('',#90,.T.);
#68=FACE_OUTER_BOUND('',#91,.T.);
#69=FACE_OUTER_BOUND('',#93,.T.);
#70=FACE_OUTER_BOUND('',#94,.T.);
#71=EDGE_LOOP('',(#175,#176,#177,#178));
#72=EDGE_LOOP('',(#179,#180,#181,#182));
#73=EDGE_LOOP('',(#183,#184));
#74=EDGE_LOOP('',(#185,#186,#187,#188));
#75=EDGE_LOOP('',(#189,#190,#191,#192));
#76=EDGE_LOOP('',(#193));
#77=EDGE_LOOP('',(#194,#195));
#78=EDGE_LOOP('',(#196,#197,#198,#199));
#79=EDGE_LOOP('',(#200));
#80=EDGE_LOOP('',(#201));
#81=EDGE_LOOP('',(#202));
#82=EDGE_LOOP('',(#203,#204,#205,#206));
#83=EDGE_LOOP('',(#207,#208,#209,#210));
#84=EDGE_LOOP('',(#211,#212,#213,#214));
#85=EDGE_LOOP('',(#215,#216));
#86=EDGE_LOOP('',(#217,#218,#219,#220));
#87=EDGE_LOOP('',(#221,#222,#223,#224));
#88=EDGE_LOOP('',(#225));
#89=EDGE_LOOP('',(#226,#227));
#90=EDGE_LOOP('',(#228,#229,#230,#231));
#91=EDGE_LOOP('',(#232));
#92=EDGE_LOOP('',(#233));
#93=EDGE_LOOP('',(#234));
#94=EDGE_LOOP('',(#235,#236,#237,#238));
#95=LINE('',#362,#105);
#96=LINE('',#365,#106);
#97=LINE('',#367,#107);
#98=LINE('',#368,#108);
#99=LINE('',#1390,#109);
#100=LINE('',#1396,#110);
#101=LINE('',#1399,#111);
#102=LINE('',#1401,#112);
#103=LINE('',#1402,#113);
#104=LINE('',#2424,#114);
#105=VECTOR('',#306,10.);
#106=VECTOR('',#309,10.);
#107=VECTOR('',#312,10.);
#108=VECTOR('',#313,10.);
#109=VECTOR('',#328,5.);
#110=VECTOR('',#333,10.);
#111=VECTOR('',#336,10.);
#112=VECTOR('',#339,10.);
#113=VECTOR('',#340,10.);
#114=VECTOR('',#355,5.);
#115=CIRCLE('',#279,1.5);
#116=CIRCLE('',#280,1.5);
#117=CIRCLE('',#285,5.);
#118=CIRCLE('',#287,5.);
#119=CIRCLE('',#290,1.5);
#120=CIRCLE('',#291,1.5);
#121=CIRCLE('',#296,5.);
#122=CIRCLE('',#298,5.);
#123=VERTEX_POINT('',#358);
#124=VERTEX_POINT('',#359);
#125=VERTEX_POINT('',#361);
#126=VERTEX_POINT('',#363);
#127=VERTEX_POINT('',#532);
#128=VERTEX_POINT('',#533);
#129=VERTEX_POINT('',#714);
#130=VERTEX_POINT('',#1354);
#131=VERTEX_POINT('',#1384);
#132=VERTEX_POINT('',#1387);
#133=VERTEX_POINT('',#1392);
#134=VERTEX_POINT('',#1393);
#135=VERTEX_POINT('',#1395);
#136=VERTEX_POINT('',#1397);
#137=VERTEX_POINT('',#1566);
#138=VERTEX_POINT('',#1567);
#139=VERTEX_POINT('',#1748);
#140=VERTEX_POINT('',#2388);
#141=VERTEX_POINT('',#2418);
#142=VERTEX_POINT('',#2421);
#143=EDGE_CURVE('',#123,#124,#115,.T.);
#144=EDGE_CURVE('',#123,#125,#95,.T.);
#145=EDGE_CURVE('',#125,#126,#116,.T.);
#146=EDGE_CURVE('',#124,#126,#96,.T.);
#147=EDGE_CURVE('',#124,#123,#97,.T.);
#148=EDGE_CURVE('',#126,#125,#98,.T.);
#149=EDGE_CURVE('',#127,#128,#25,.T.);
#150=EDGE_CURVE('',#128,#128,#26,.T.);
#151=EDGE_CURVE('',#127,#127,#27,.T.);
#152=EDGE_CURVE('',#129,#128,#21,.T.);
#153=EDGE_CURVE('',#129,#129,#28,.T.);
#154=EDGE_CURVE('',#129,#130,#29,.T.);
#155=EDGE_CURVE('',#130,#130,#30,.T.);
#156=EDGE_CURVE('',#131,#131,#117,.T.);
#157=EDGE_CURVE('',#132,#132,#118,.T.);
#158=EDGE_CURVE('',#131,#132,#99,.T.);
#159=EDGE_CURVE('',#133,#134,#119,.T.);
#160=EDGE_CURVE('',#133,#135,#100,.T.);
#161=EDGE_CURVE('',#135,#136,#120,.T.);
#162=EDGE_CURVE('',#134,#136,#101,.T.);
#163=EDGE_CURVE('',#134,#133,#102,.T.);
#164=EDGE_CURVE('',#136,#135,#103,.T.);
#165=EDGE_CURVE('',#137,#138,#31,.T.);
#166=EDGE_CURVE('',#138,#138,#32,.T.);
#167=EDGE_CURVE('',#137,#137,#33,.T.);
#168=EDGE_CURVE('',#139,#138,#22,.T.);
#169=EDGE_CURVE('',#139,#139,#34,.T.);
#170=EDGE_CURVE('',#139,#140,#35,.T.);
#171=EDGE_CURVE('',#140,#140,#36,.T.);
#172=EDGE_CURVE('',#141,#141,#121,.T.);
#173=EDGE_CURVE('',#142,#142,#122,.T.);
#174=EDGE_CURVE('',#141,#142,#104,.T.);
#175=ORIENTED_EDGE('',*,*,#143,.F.);
#176=ORIENTED_EDGE('',*,*,#144,.T.);
#177=ORIENTED_EDGE('',*,*,#145,.T.);
#178=ORIENTED_EDGE('',*,*,#146,.F.);
#179=ORIENTED_EDGE('',*,*,#147,.F.);
#180=ORIENTED_EDGE('',*,*,#146,.T.);
#181=ORIENTED_EDGE('',*,*,#148,.T.);
#182=ORIENTED_EDGE('',*,*,#144,.F.);
#183=ORIENTED_EDGE('',*,*,#148,.F.);
#184=ORIENTED_EDGE('',*,*,#145,.F.);
#185=ORIENTED_EDGE('',*,*,#149,.T.);
#186=ORIENTED_EDGE('',*,*,#150,.T.);
#187=ORIENTED_EDGE('',*,*,#149,.F.);
#188=ORIENTED_EDGE('',*,*,#151,.T.);
#189=ORIENTED_EDGE('',*,*,#150,.F.);
#190=ORIENTED_EDGE('',*,*,#152,.F.);
#191=ORIENTED_EDGE('',*,*,#153,.F.);
#192=ORIENTED_EDGE('',*,*,#152,.T.);
#193=ORIENTED_EDGE('',*,*,#151,.F.);
#194=ORIENTED_EDGE('',*,*,#143,.T.);
#195=ORIENTED_EDGE('',*,*,#147,.T.);
#196=ORIENTED_EDGE('',*,*,#154,.T.);
#197=ORIENTED_EDGE('',*,*,#155,.T.);
#198=ORIENTED_EDGE('',*,*,#154,.F.);
#199=ORIENTED_EDGE('',*,*,#153,.T.);
#200=ORIENTED_EDGE('',*,*,#155,.F.);
#201=ORIENTED_EDGE('',*,*,#156,.T.);
#202=ORIENTED_EDGE('',*,*,#157,.F.);
#203=ORIENTED_EDGE('',*,*,#156,.F.);
#204=ORIENTED_EDGE('',*,*,#158,.T.);
#205=ORIENTED_EDGE('',*,*,#157,.T.);
#206=ORIENTED_EDGE('',*,*,#158,.F.);
#207=ORIENTED_EDGE('',*,*,#159,.F.);
#208=ORIENTED_EDGE('',*,*,#160,.T.);
#209=ORIENTED_EDGE('',*,*,#161,.T.);
#210=ORIENTED_EDGE('',*,*,#162,.F.);
#211=ORIENTED_EDGE('',*,*,#163,.F.);
#212=ORIENTED_EDGE('',*,*,#162,.T.);
#213=ORIENTED_EDGE('',*,*,#164,.T.);
#214=ORIENTED_EDGE('',*,*,#160,.F.);
#215=ORIENTED_EDGE('',*,*,#164,.F.);
#216=ORIENTED_EDGE('',*,*,#161,.F.);
#217=ORIENTED_EDGE('',*,*,#165,.T.);
#218=ORIENTED_EDGE('',*,*,#166,.T.);
#219=ORIENTED_EDGE('',*,*,#165,.F.);
#220=ORIENTED_EDGE('',*,*,#167,.T.);
#221=ORIENTED_EDGE('',*,*,#166,.F.);
#222=ORIENTED_EDGE('',*,*,#168,.F.);
#223=ORIENTED_EDGE('',*,*,#169,.F.);
#224=ORIENTED_EDGE('',*,*,#168,.T.);
#225=ORIENTED_EDGE('',*,*,#167,.F.);
#226=ORIENTED_EDGE('',*,*,#159,.T.);
#227=ORIENTED_EDGE('',*,*,#163,.T.);
#228=ORIENTED_EDGE('',*,*,#170,.T.);
#229=ORIENTED_EDGE('',*,*,#171,.T.);
#230=ORIENTED_EDGE('',*,*,#170,.F.);
#231=ORIENTED_EDGE('',*,*,#169,.T.);
#232=ORIENTED_EDGE('',*,*,#171,.F.);
#233=ORIENTED_EDGE('',*,*,#172,.T.);
#234=ORIENTED_EDGE('',*,*,#173,.F.);
#235=ORIENTED_EDGE('',*,*,#172,.F.);
#236=ORIENTED_EDGE('',*,*,#174,.T.);
#237=ORIENTED_EDGE('',*,*,#173,.T.);
#238=ORIENTED_EDGE('',*,*,#174,.F.);
#239=CYLINDRICAL_SURFACE('',#278,1.5);
#240=CYLINDRICAL_SURFACE('',#288,5.);
#241=CYLINDRICAL_SURFACE('',#289,1.5);
#242=CYLINDRICAL_SURFACE('',#299,5.);
#243=ADVANCED_FACE('',(#51),#239,.F.);
#244=ADVANCED_FACE('',(#52),#41,.F.);
#245=ADVANCED_FACE('',(#53),#42,.T.);
#246=ADVANCED_FACE('',(#54),#37,.T.);
#247=ADVANCED_FACE('',(#55),#23,.T.);
#248=ADVANCED_FACE('',(#56,#17),#43,.T.);
#249=ADVANCED_FACE('',(#57),#38,.T.);
#250=ADVANCED_FACE('',(#58,#18),#44,.T.);
#251=ADVANCED_FACE('',(#59),#45,.T.);
#252=ADVANCED_FACE('',(#60),#240,.T.);
#253=ADVANCED_FACE('',(#61),#241,.F.);
#254=ADVANCED_FACE('',(#62),#46,.F.);
#255=ADVANCED_FACE('',(#63),#47,.T.);
#256=ADVANCED_FACE('',(#64),#39,.T.);
#257=ADVANCED_FACE('',(#65),#24,.T.);
#258=ADVANCED_FACE('',(#66,#19),#48,.T.);
#259=ADVANCED_FACE('',(#67),#40,.T.);
#260=ADVANCED_FACE('',(#68,#20),#49,.T.);
#261=ADVANCED_FACE('',(#69),#50,.T.);
#262=ADVANCED_FACE('',(#70),#242,.T.);
#263=CLOSED_SHELL('',(#243,#244,#245,#246,#247,#248,#249,#250,#251,#252));
#264=CLOSED_SHELL('',(#253,#254,#255,#256,#257,#258,#259,#260,#261,#262));
#265=DERIVED_UNIT_ELEMENT(#267,1.);
#266=DERIVED_UNIT_ELEMENT(#2430,-3.);
#267=(
MASS_UNIT()
NAMED_UNIT(*)
SI_UNIT(.KILO.,.GRAM.)
);
#268=DERIVED_UNIT((#265,#266));
#269=MEASURE_REPRESENTATION_ITEM('density measure',
POSITIVE_RATIO_MEASURE(7850.),#268);
#270=PROPERTY_DEFINITION_REPRESENTATION(#275,#272);
#271=PROPERTY_DEFINITION_REPRESENTATION(#276,#273);
#272=REPRESENTATION('material name',(#274),#2427);
#273=REPRESENTATION('density',(#269),#2427);
#274=DESCRIPTIVE_REPRESENTATION_ITEM('Steel','Steel');
#275=PROPERTY_DEFINITION('material property','material name',#2437);
#276=PROPERTY_DEFINITION('material property','density of part',#2437);
#277=AXIS2_PLACEMENT_3D('',#356,#300,#301);
#278=AXIS2_PLACEMENT_3D('',#357,#302,#303);
#279=AXIS2_PLACEMENT_3D('',#360,#304,#305);
#280=AXIS2_PLACEMENT_3D('',#364,#307,#308);
#281=AXIS2_PLACEMENT_3D('',#366,#310,#311);
#282=AXIS2_PLACEMENT_3D('',#369,#314,#315);
#283=AXIS2_PLACEMENT_3D('',#1182,#316,#317);
#284=AXIS2_PLACEMENT_3D('',#1383,#318,#319);
#285=AXIS2_PLACEMENT_3D('',#1385,#320,#321);
#286=AXIS2_PLACEMENT_3D('',#1386,#322,#323);
#287=AXIS2_PLACEMENT_3D('',#1388,#324,#325);
#288=AXIS2_PLACEMENT_3D('',#1389,#326,#327);
#289=AXIS2_PLACEMENT_3D('',#1391,#329,#330);
#290=AXIS2_PLACEMENT_3D('',#1394,#331,#332);
#291=AXIS2_PLACEMENT_3D('',#1398,#334,#335);
#292=AXIS2_PLACEMENT_3D('',#1400,#337,#338);
#293=AXIS2_PLACEMENT_3D('',#1403,#341,#342);
#294=AXIS2_PLACEMENT_3D('',#2216,#343,#344);
#295=AXIS2_PLACEMENT_3D('',#2417,#345,#346);
#296=AXIS2_PLACEMENT_3D('',#2419,#347,#348);
#297=AXIS2_PLACEMENT_3D('',#2420,#349,#350);
#298=AXIS2_PLACEMENT_3D('',#2422,#351,#352);
#299=AXIS2_PLACEMENT_3D('',#2423,#353,#354);
#300=DIRECTION('axis',(0.,0.,1.));
#301=DIRECTION('refdir',(1.,0.,0.));
#302=DIRECTION('center_axis',(0.,1.,0.));
#303=DIRECTION('ref_axis',(-1.83697019872103E-16,0.,1.));
#304=DIRECTION('center_axis',(6.12323399573677E-17,1.,0.));
#305=DIRECTION('ref_axis',(1.,0.,0.));
#306=DIRECTION('',(0.,1.,0.));
#307=DIRECTION('center_axis',(0.,1.,0.));
#308=DIRECTION('ref_axis',(1.,0.,0.));
#309=DIRECTION('',(0.,1.,0.));
#310=DIRECTION('center_axis',(0.,0.,-1.));
#311=DIRECTION('ref_axis',(-1.,0.,0.));
#312=DIRECTION('',(-1.,6.12323399573677E-17,0.));
#313=DIRECTION('',(-1.,0.,0.));
#314=DIRECTION('center_axis',(0.,-1.,0.));
#315=DIRECTION('ref_axis',(1.,0.,0.));
#316=DIRECTION('center_axis',(-6.12323399573677E-17,-1.,0.));
#317=DIRECTION('ref_axis',(0.,0.,-1.));
#318=DIRECTION('center_axis',(6.12323399573677E-17,1.,0.));
#319=DIRECTION('ref_axis',(0.,0.,1.));
#320=DIRECTION('center_axis',(-6.12323399573677E-17,-1.,0.));
#321=DIRECTION('ref_axis',(1.,-6.12323399573677E-17,0.));
#322=DIRECTION('center_axis',(6.12323399573677E-17,1.,0.));
#323=DIRECTION('ref_axis',(0.,0.,1.));
#324=DIRECTION('center_axis',(-6.12323399573677E-17,-1.,0.));
#325=DIRECTION('ref_axis',(1.,-6.12323399573677E-17,0.));
#326=DIRECTION('center_axis',(-6.12323399573677E-17,-1.,0.));
#327=DIRECTION('ref_axis',(1.,0.,0.));
#328=DIRECTION('',(6.12323399573677E-17,1.,0.));
#329=DIRECTION('center_axis',(1.22464679914735E-16,1.,-7.49879891330929E-33));
#330=DIRECTION('ref_axis',(6.12323399573676E-17,-5.54565491351194E-33,-1.));
#331=DIRECTION('center_axis',(6.12323399573677E-17,1.,0.));
#332=DIRECTION('ref_axis',(-1.,1.22464679914735E-16,1.22464679914735E-16));
#333=DIRECTION('',(1.22464679914735E-16,1.,-7.49879891330929E-33));
#334=DIRECTION('center_axis',(1.22464679914735E-16,1.,-7.49879891330929E-33));
#335=DIRECTION('ref_axis',(-1.,1.22464679914735E-16,1.22464679914735E-16));
#336=DIRECTION('',(1.22464679914735E-16,1.,-7.49879891330929E-33));
#337=DIRECTION('center_axis',(1.22464679914735E-16,-7.49879891330929E-33,
1.));
#338=DIRECTION('ref_axis',(1.,-1.22464679914735E-16,-1.22464679914735E-16));
#339=DIRECTION('',(1.,-6.12323399573677E-17,-1.22464679914735E-16));
#340=DIRECTION('',(1.,-1.22464679914735E-16,-1.22464679914735E-16));
#341=DIRECTION('center_axis',(-1.22464679914735E-16,-1.,7.49879891330929E-33));
#342=DIRECTION('ref_axis',(-1.,1.22464679914735E-16,1.22464679914735E-16));
#343=DIRECTION('center_axis',(-6.12323399573677E-17,-1.,0.));
#344=DIRECTION('ref_axis',(1.22464679914735E-16,-7.49879891330929E-33,1.));
#345=DIRECTION('center_axis',(6.12323399573677E-17,1.,0.));
#346=DIRECTION('ref_axis',(-1.22464679914735E-16,7.49879891330929E-33,-1.));
#347=DIRECTION('center_axis',(-6.12323399573677E-17,-1.,0.));
#348=DIRECTION('ref_axis',(-1.,6.12323399573677E-17,1.22464679914735E-16));
#349=DIRECTION('center_axis',(6.12323399573677E-17,1.,0.));
#350=DIRECTION('ref_axis',(-1.22464679914735E-16,7.49879891330929E-33,-1.));
#351=DIRECTION('center_axis',(-6.12323399573677E-17,-1.,0.));
#352=DIRECTION('ref_axis',(-1.,6.12323399573677E-17,1.22464679914735E-16));
#353=DIRECTION('center_axis',(-6.12323399573677E-17,-1.,0.));
#354=DIRECTION('ref_axis',(-1.,1.22464679914735E-16,1.22464679914735E-16));
#355=DIRECTION('',(6.12323399573677E-17,1.,0.));
#356=CARTESIAN_POINT('',(0.,0.,0.));
#357=CARTESIAN_POINT('Origin',(0.,6.99510289555683E-18,0.));
#358=CARTESIAN_POINT('',(-1.1180339887499,6.99510289555683E-18,-1.));
#359=CARTESIAN_POINT('',(1.1180339887499,6.99510289555683E-18,-1.));
#360=CARTESIAN_POINT('Origin',(0.,0.,0.));
#361=CARTESIAN_POINT('',(-1.1180339887499,8.5,-1.));
#362=CARTESIAN_POINT('',(-1.1180339887499,6.99510289555683E-18,-1.));
#363=CARTESIAN_POINT('',(1.1180339887499,8.5,-1.));
#364=CARTESIAN_POINT('Origin',(0.,8.5,0.));
#365=CARTESIAN_POINT('',(1.1180339887499,6.99510289555683E-18,-1.));
#366=CARTESIAN_POINT('Origin',(1.1180339887499,6.99510289555683E-18,-1.));
#367=CARTESIAN_POINT('',(0.0590169943749475,-6.48460886201965E-17,-1.));
#368=CARTESIAN_POINT('',(-1.1180339887499,8.5,-1.));
#369=CARTESIAN_POINT('Origin',(0.,8.5,0.25));
#370=CARTESIAN_POINT('Ctrl Pts',(19.6059008515552,-1.26174752607024E-15,
5.55111512312578E-16));
#371=CARTESIAN_POINT('Ctrl Pts',(19.6059008515552,-1.26174752607024E-15,
3.08292118396841));
#372=CARTESIAN_POINT('Ctrl Pts',(18.2001812270335,-1.17567202413678E-15,
9.24655847510029));
#373=CARTESIAN_POINT('Ctrl Pts',(12.2870095703868,-8.1359468703072E-16,
16.6610770723242));
#374=CARTESIAN_POINT('Ctrl Pts',(3.74285845040329,-2.90416321004768E-16,
20.7766465881931));
#375=CARTESIAN_POINT('Ctrl Pts',(-4.68870830477679,2.25868240921658E-16,
20.7741652351569));
#376=CARTESIAN_POINT('Ctrl Pts',(-11.4572014257293,6.40318912702928E-16,
18.1122570560371));
#377=CARTESIAN_POINT('Ctrl Pts',(-16.3343662165171,9.3895912520055E-16,
14.227148212691));
#378=CARTESIAN_POINT('Ctrl Pts',(-19.8392925137223,1.15357396375653E-15,
9.07462133760386));
#379=CARTESIAN_POINT('Ctrl Pts',(-22.3085698001406,1.30477359000751E-15,
1.13344400894568));
#380=CARTESIAN_POINT('Ctrl Pts',(-20.7133094996814,1.2070920689693E-15,
-9.49290020841656));
#381=CARTESIAN_POINT('Ctrl Pts',(-13.3984352564877,7.59185202564666E-16,
-17.3684246978084));
#382=CARTESIAN_POINT('Ctrl Pts',(-5.65446842471761,2.85003992903143E-16,
-20.3828538134346));
#383=CARTESIAN_POINT('Ctrl Pts',(2.6399347398027,-2.22881721410232E-16,
-21.029360879655));
#384=CARTESIAN_POINT('Ctrl Pts',(11.6338305143634,-7.73599005019263E-16,
-17.4954899662331));
#385=CARTESIAN_POINT('Ctrl Pts',(18.1981733715952,-1.17554907845E-15,-9.24126975440143));
#386=CARTESIAN_POINT('Ctrl Pts',(19.6059008515552,-1.26174752607024E-15,
-3.08292118396841));
#387=CARTESIAN_POINT('Ctrl Pts',(19.6059008515552,-1.26174752607024E-15,
-2.77555756156289E-15));
#388=CARTESIAN_POINT('Ctrl Pts',(20.2822872049888,-1.2929290273534E-15,
3.80739952230695E-16));
#389=CARTESIAN_POINT('Ctrl Pts',(20.2822872049888,-1.31598008455239E-15,
3.18388999845523));
#390=CARTESIAN_POINT('Ctrl Pts',(18.8304348811413,4.75738725029105E-15,
9.55018775419656));
#391=CARTESIAN_POINT('Ctrl Pts',(12.7230682414537,3.23623974117105E-14,
17.2079155479767));
#392=CARTESIAN_POINT('Ctrl Pts',(3.89860926308107,4.73966459062347E-14,
21.4586476017232));
#393=CARTESIAN_POINT('Ctrl Pts',(-4.80986042272676,9.52921645268576E-15,
21.456021872277));
#394=CARTESIAN_POINT('Ctrl Pts',(-11.800447665915,1.88035353880459E-14,
18.7067684228655));
#395=CARTESIAN_POINT('Ctrl Pts',(-16.8376814115845,-1.46865424233802E-14,
14.6941625544461));
#396=CARTESIAN_POINT('Ctrl Pts',(-20.4576656760072,1.03501021031803E-13,
9.37248763827552));
#397=CARTESIAN_POINT('Ctrl Pts',(-23.008000076546,8.98815494560797E-15,
1.17064604471764));
#398=CARTESIAN_POINT('Ctrl Pts',(-21.3603752751094,9.39991065145429E-15,
-9.80449045065152));
#399=CARTESIAN_POINT('Ctrl Pts',(-13.8053981398948,9.61907968162371E-15,
-17.9385267848704));
#400=CARTESIAN_POINT('Ctrl Pts',(-5.8072486715374,2.09514316093222E-14,
-21.0518898833862));
#401=CARTESIAN_POINT('Ctrl Pts',(2.7594199028804,2.16681588830574E-14,-21.7196440803189));
#402=CARTESIAN_POINT('Ctrl Pts',(12.0484981977359,9.00626873060621E-14,
-18.0697207883566));
#403=CARTESIAN_POINT('Ctrl Pts',(18.8283270943486,1.43786720538739E-14,
-9.54471945089627));
#404=CARTESIAN_POINT('Ctrl Pts',(20.2822872049888,-1.31612293642641E-15,
-3.18388999845523));
#405=CARTESIAN_POINT('Ctrl Pts',(20.2822872049888,-1.2929290273534E-15,
-2.68837178152195E-15));
#406=CARTESIAN_POINT('Ctrl Pts',(21.2645010733615,0.158598025336395,1.27526439431734E-16));
#407=CARTESIAN_POINT('Ctrl Pts',(21.2645010733615,0.158598025336395,3.33095220098529));
#408=CARTESIAN_POINT('Ctrl Pts',(19.7456380664602,0.158598025336406,9.99088604881121));
#409=CARTESIAN_POINT('Ctrl Pts',(13.3564566190642,0.158598025336456,18.0021216229636));
#410=CARTESIAN_POINT('Ctrl Pts',(4.12465304828129,0.158598025336483,22.4489955489786));
#411=CARTESIAN_POINT('Ctrl Pts',(-4.98565465649089,0.158598025336414,22.4462818651209));
#412=CARTESIAN_POINT('Ctrl Pts',(-12.2989121447008,0.15859802533643,19.5701290114351));
#413=CARTESIAN_POINT('Ctrl Pts',(-17.5686351920624,0.158598025336369,15.3723180442632));
#414=CARTESIAN_POINT('Ctrl Pts',(-21.3556830702852,0.158598025336583,9.8050476911244));
#415=CARTESIAN_POINT('Ctrl Pts',(-24.0237179766809,0.158598025336412,1.22467501254742));
#416=CARTESIAN_POINT('Ctrl Pts',(-22.3000526181602,0.158598025336412,-10.2569913464767));
#417=CARTESIAN_POINT('Ctrl Pts',(-14.3963966883946,0.158598025336414,-18.7664280501894));
#418=CARTESIAN_POINT('Ctrl Pts',(-6.02911253570449,0.158598025336434,-22.0234857243603));
#419=CARTESIAN_POINT('Ctrl Pts',(2.93292105429188,0.158598025336436,-22.7220443939425));
#420=CARTESIAN_POINT('Ctrl Pts',(12.6507278574911,0.15859802533656,-18.9036991470734));
#421=CARTESIAN_POINT('Ctrl Pts',(19.7434509675405,0.158598025336423,-9.98516853215117));
#422=CARTESIAN_POINT('Ctrl Pts',(21.2645010733615,0.158598025336395,-3.33095220098529));
#423=CARTESIAN_POINT('Ctrl Pts',(21.2645010733615,0.158598025336395,-2.56176502512247E-15));
#424=CARTESIAN_POINT('Ctrl Pts',(22.6596152358928,0.855327102928698,-2.32132255303873E-16));
#425=CARTESIAN_POINT('Ctrl Pts',(22.6596152358928,0.855327102928697,3.53971475982632));
#426=CARTESIAN_POINT('Ctrl Pts',(21.0455770481464,0.855327102928702,10.6169035021107));
#427=CARTESIAN_POINT('Ctrl Pts',(14.25606127893,0.855327102928715,19.1301621369717));
#428=CARTESIAN_POINT('Ctrl Pts',(4.44575616441698,0.855327102928724,23.8556684691681));
#429=CARTESIAN_POINT('Ctrl Pts',(-5.23538640723376,0.855327102928705,23.8527963555672));
#430=CARTESIAN_POINT('Ctrl Pts',(-13.0069142797284,0.855327102928708,20.7964152880433));
#431=CARTESIAN_POINT('Ctrl Pts',(-18.6068473540823,0.855327102928692,16.3355598524949));
#432=CARTESIAN_POINT('Ctrl Pts',(-22.6311934532402,0.855327102928751,10.41944233123));
#433=CARTESIAN_POINT('Ctrl Pts',(-25.4664092649984,0.855327102928704,1.30141485636238));
#434=CARTESIAN_POINT('Ctrl Pts',(-23.6347374946141,0.855327102928705,-10.8997063026216));
#435=CARTESIAN_POINT('Ctrl Pts',(-15.2358299019265,0.855327102928705,-19.9423524042842));
#436=CARTESIAN_POINT('Ctrl Pts',(-6.34424176023837,0.85532710292871,-23.4035029557022));
#437=CARTESIAN_POINT('Ctrl Pts',(3.17936064243049,0.855327102928709,-24.1458292295801));
#438=CARTESIAN_POINT('Ctrl Pts',(13.5061017605167,0.855327102928742,-20.0882328161647));
#439=CARTESIAN_POINT('Ctrl Pts',(21.043259182208,0.855327102928705,-10.610828824288));
#440=CARTESIAN_POINT('Ctrl Pts',(22.6596152358928,0.855327102928697,-3.53971475982632));
#441=CARTESIAN_POINT('Ctrl Pts',(22.6596152358928,0.855327102928698,-2.38193567775467E-15));
#442=CARTESIAN_POINT('Ctrl Pts',(23.6866193974221,1.72147928465986,-4.96892649932414E-16));
#443=CARTESIAN_POINT('Ctrl Pts',(23.6866193974221,1.72147928465986,3.69336470037789));
#444=CARTESIAN_POINT('Ctrl Pts',(22.0025198931563,1.72147928465985,11.0777565464804));
#445=CARTESIAN_POINT('Ctrl Pts',(14.9182883276543,1.72147928465979,19.9605541388577));
#446=CARTESIAN_POINT('Ctrl Pts',(4.68214273128572,1.72147928465976,24.8911828126793));
#447=CARTESIAN_POINT('Ctrl Pts',(-5.4192338811421,1.72147928465984,24.8881859891677));
#448=CARTESIAN_POINT('Ctrl Pts',(-13.5281041072417,1.72147928465982,21.6991351556789));
#449=CARTESIAN_POINT('Ctrl Pts',(-19.3711161232166,1.7214792846599,17.0446452676661));
#450=CARTESIAN_POINT('Ctrl Pts',(-23.5701489314933,1.72147928465963,10.8717240114162));
#451=CARTESIAN_POINT('Ctrl Pts',(-26.5284343053516,1.72147928465985,1.35790598753274));
#452=CARTESIAN_POINT('Ctrl Pts',(-24.6172542878631,1.72147928465985,-11.3728350255341));
#453=CARTESIAN_POINT('Ctrl Pts',(-15.8537713264825,1.72147928465985,-20.807999562741));
#454=CARTESIAN_POINT('Ctrl Pts',(-6.5762218005714,1.72147928465982,-24.4193899120703));
#455=CARTESIAN_POINT('Ctrl Pts',(3.36077613876032,1.72147928465981,-25.1939387110245));
#456=CARTESIAN_POINT('Ctrl Pts',(14.1357749905228,1.72147928465965,-20.9602122490406));
#457=CARTESIAN_POINT('Ctrl Pts',(22.0001013935788,1.72147928465982,-11.0714181785515));
#458=CARTESIAN_POINT('Ctrl Pts',(23.6866193974221,1.72147928465986,-3.69336470037789));
#459=CARTESIAN_POINT('Ctrl Pts',(23.6866193974221,1.72147928465986,-2.2495554804404E-15));
#460=CARTESIAN_POINT('Ctrl Pts',(24.7837358008334,3.628887404944,-7.79727893256144E-16));
#461=CARTESIAN_POINT('Ctrl Pts',(24.7837358008334,3.628887404944,3.85739603482734));
#462=CARTESIAN_POINT('Ctrl Pts',(23.0247966779706,3.62888740494395,11.5701246137627));
#463=CARTESIAN_POINT('Ctrl Pts',(15.6256839819491,3.62888740494367,20.8476076908234));
#464=CARTESIAN_POINT('Ctrl Pts',(4.93469891480991,3.62888740494353,25.997395100235));
#465=CARTESIAN_POINT('Ctrl Pts',(-5.6156659350881,3.62888740494391,25.9942351852037));
#466=CARTESIAN_POINT('Ctrl Pts',(-14.084870042954,3.62888740494382,22.6634723743046));
#467=CARTESIAN_POINT('Ctrl Pts',(-20.1875445659234,3.62888740494416,17.8021436847325));
#468=CARTESIAN_POINT('Ctrl Pts',(-24.5731940660625,3.62888740494297,11.3548789988815));
#469=CARTESIAN_POINT('Ctrl Pts',(-27.6629523999211,3.62888740494393,1.4182522069283));
#470=CARTESIAN_POINT('Ctrl Pts',(-25.6668360856378,3.62888740494393,-11.8782574013634));
#471=CARTESIAN_POINT('Ctrl Pts',(-16.5138920018157,3.62888740494392,-21.7327364570856));
#472=CARTESIAN_POINT('Ctrl Pts',(-6.82403779674391,3.6288874049438,-25.5046164881245));
#473=CARTESIAN_POINT('Ctrl Pts',(3.5545788755328,3.62888740494377,-26.3135997577538));
#474=CARTESIAN_POINT('Ctrl Pts',(14.808417933456,3.62888740494308,-21.8916936990451));
#475=CARTESIAN_POINT('Ctrl Pts',(23.0222545253358,3.62888740494384,-11.5635017151028));
#476=CARTESIAN_POINT('Ctrl Pts',(24.7837358008334,3.628887404944,-3.85739603482734));
#477=CARTESIAN_POINT('Ctrl Pts',(24.7837358008334,3.628887404944,-2.10813785877853E-15));
#478=CARTESIAN_POINT('Ctrl Pts',(24.7458033071071,5.85083898209785,-7.69948943584465E-16));
#479=CARTESIAN_POINT('Ctrl Pts',(24.7458033071071,5.85083898209785,3.85239226418794));
#480=CARTESIAN_POINT('Ctrl Pts',(22.9894227578793,5.85083898209773,11.5527726575719));
#481=CARTESIAN_POINT('Ctrl Pts',(15.6014778123973,5.85083898209722,20.8171124428523));
#482=CARTESIAN_POINT('Ctrl Pts',(4.92577037780834,5.85083898209693,25.9591189485061));
#483=CARTESIAN_POINT('Ctrl Pts',(-5.60866713327667,5.85083898209767,25.9561491399027));
#484=CARTESIAN_POINT('Ctrl Pts',(-14.0656499408112,5.8508389820975,22.6301934541599));
#485=CARTESIAN_POINT('Ctrl Pts',(-20.159415375238,5.85083898209816,17.7759246047964));
#486=CARTESIAN_POINT('Ctrl Pts',(-24.5385858032391,5.85083898209587,11.3381949025638));
#487=CARTESIAN_POINT('Ctrl Pts',(-27.6237886233686,5.85083898209771,1.41617494342377));
#488=CARTESIAN_POINT('Ctrl Pts',(-25.6306097286346,5.8508389820977,-11.8608210487014));
#489=CARTESIAN_POINT('Ctrl Pts',(-16.491110564869,5.85083898209768,-21.7008063835488));
#490=CARTESIAN_POINT('Ctrl Pts',(-6.81547593107771,5.85083898209745,-25.467179478815));
#491=CARTESIAN_POINT('Ctrl Pts',(3.54786436640689,5.85083898209742,-26.274897111584));
#492=CARTESIAN_POINT('Ctrl Pts',(14.7852681016279,5.85083898209609,-21.8596540491332));
#493=CARTESIAN_POINT('Ctrl Pts',(22.9869846206386,5.85083898209754,-11.5461771295484));
#494=CARTESIAN_POINT('Ctrl Pts',(24.7458033071071,5.85083898209785,-3.85239226418794));
#495=CARTESIAN_POINT('Ctrl Pts',(24.7458033071071,5.85083898209785,-2.11302733361437E-15));
#496=CARTESIAN_POINT('Ctrl Pts',(24.1415556723133,7.15201487290525,-6.14174655383761E-16));
#497=CARTESIAN_POINT('Ctrl Pts',(24.1415556723133,7.15201487290525,3.76071880065162));
#498=CARTESIAN_POINT('Ctrl Pts',(22.4264515950426,7.15201487290511,11.2822513023863));
#499=CARTESIAN_POINT('Ctrl Pts',(15.2113703671175,7.15201487290448,20.3282111486546));
#500=CARTESIAN_POINT('Ctrl Pts',(4.78706449234859,7.15201487290414,25.3499198522293));
#501=CARTESIAN_POINT('Ctrl Pts',(-5.50089358835889,7.15201487290504,25.3466719106419));
#502=CARTESIAN_POINT('Ctrl Pts',(-13.758945942268,7.15201487290482,22.0989500516959));
#503=CARTESIAN_POINT('Ctrl Pts',(-19.7095627242056,7.15201487290562,17.358782325814));
#504=CARTESIAN_POINT('Ctrl Pts',(-23.9860057380138,7.15201487290286,11.0720509530317));
#505=CARTESIAN_POINT('Ctrl Pts',(-26.9988182273822,7.15201487290508,1.38292033869783));
#506=CARTESIAN_POINT('Ctrl Pts',(-25.0524172948753,7.15201487290506,-11.5823779449995));
#507=CARTESIAN_POINT('Ctrl Pts',(-16.1274587396432,7.15201487290504,-21.1914137880089));
#508=CARTESIAN_POINT('Ctrl Pts',(-6.67897626401216,7.15201487290476,-24.8693119367329));
#509=CARTESIAN_POINT('Ctrl Pts',(3.44115319939329,7.15201487290473,-25.6582141978502));
#510=CARTESIAN_POINT('Ctrl Pts',(14.4145907387228,7.15201487290312,-21.3463002491336));
#511=CARTESIAN_POINT('Ctrl Pts',(22.4238826094473,7.15201487290487,-11.2757775092749));
#512=CARTESIAN_POINT('Ctrl Pts',(24.1415556723133,7.15201487290525,-3.76071880065161));
#513=CARTESIAN_POINT('Ctrl Pts',(24.1415556723133,7.15201487290525,-2.19091447771472E-15));
#514=CARTESIAN_POINT('Ctrl Pts',(23.9124500547144,7.54040035442622,-5.55111512312578E-16));
#515=CARTESIAN_POINT('Ctrl Pts',(23.9124500547144,7.54040035442622,3.72723913268938));
#516=CARTESIAN_POINT('Ctrl Pts',(22.2129407641906,7.54040035442608,11.1790514692079));
#517=CARTESIAN_POINT('Ctrl Pts',(15.063940357831,7.54040035442542,20.1431742010292));
#518=CARTESIAN_POINT('Ctrl Pts',(4.73409651504422,7.54040035442507,25.1188809536432));
#519=CARTESIAN_POINT('Ctrl Pts',(-5.45963329005471,7.540400354426,25.1158810079475));
#520=CARTESIAN_POINT('Ctrl Pts',(-13.6427138569339,7.54040035442578,21.897644880331));
#521=CARTESIAN_POINT('Ctrl Pts',(-19.5391861895161,7.5404003544266,17.2005641404867));
#522=CARTESIAN_POINT('Ctrl Pts',(-23.7766277822693,7.54040035442373,10.9711801715004));
#523=CARTESIAN_POINT('Ctrl Pts',(-26.7619739465712,7.54040035442604,1.37032918221313));
#524=CARTESIAN_POINT('Ctrl Pts',(-24.8333107521902,7.54040035442603,-11.4768776196803));
#525=CARTESIAN_POINT('Ctrl Pts',(-15.9896576378288,7.54040035442602,-20.9983545941675));
#526=CARTESIAN_POINT('Ctrl Pts',(-6.62723333463332,7.54040035442572,-24.6427870956877));
#527=CARTESIAN_POINT('Ctrl Pts',(3.40066624900365,7.54040035442568,-25.4244115009133));
#528=CARTESIAN_POINT('Ctrl Pts',(14.2742495441555,7.54040035442401,-21.1519759852483));
#529=CARTESIAN_POINT('Ctrl Pts',(22.2105132751577,7.54040035442583,-11.1726574274616));
#530=CARTESIAN_POINT('Ctrl Pts',(23.9124500547144,7.54040035442622,-3.72723913268938));
#531=CARTESIAN_POINT('Ctrl Pts',(23.9124500547144,7.54040035442622,-2.22044604925031E-15));
#532=CARTESIAN_POINT('',(19.6059008515552,-1.26174752607024E-15,-2.77555756156289E-15));
#533=CARTESIAN_POINT('',(23.9124500547144,7.54040035442624,0.));
#534=CARTESIAN_POINT('Ctrl Pts',(19.6059008515552,-1.26174752607024E-15,
5.55111512312578E-16));
#535=CARTESIAN_POINT('Ctrl Pts',(20.2822872049888,-1.2929290273534E-15,
3.80739952230695E-16));
#536=CARTESIAN_POINT('Ctrl Pts',(21.2645010733615,0.158598025336395,1.27526439431734E-16));
#537=CARTESIAN_POINT('Ctrl Pts',(22.6596152358928,0.855327102928698,-2.32132255303873E-16));
#538=CARTESIAN_POINT('Ctrl Pts',(23.6866193974221,1.72147928465986,-4.96892649932414E-16));
#539=CARTESIAN_POINT('Ctrl Pts',(24.7837358008334,3.628887404944,-7.79727893256144E-16));
#540=CARTESIAN_POINT('Ctrl Pts',(24.7458033071071,5.85083898209785,-7.69948943584465E-16));
#541=CARTESIAN_POINT('Ctrl Pts',(24.1415556723133,7.15201487290525,-6.14174655383761E-16));
#542=CARTESIAN_POINT('Ctrl Pts',(23.9124500547144,7.54040035442622,-5.55111512312578E-16));
#543=CARTESIAN_POINT('Ctrl Pts',(23.9124500547144,7.54040035442622,-5.55111512312578E-16));
#544=CARTESIAN_POINT('Ctrl Pts',(23.9124500547144,7.54040035442622,3.72723913268938));
#545=CARTESIAN_POINT('Ctrl Pts',(22.2129407641906,7.54040035442608,11.1790514692079));
#546=CARTESIAN_POINT('Ctrl Pts',(15.063940357831,7.54040035442542,20.1431742010292));
#547=CARTESIAN_POINT('Ctrl Pts',(4.73409651504422,7.54040035442507,25.1188809536432));
#548=CARTESIAN_POINT('Ctrl Pts',(-5.45963329005471,7.540400354426,25.1158810079475));
#549=CARTESIAN_POINT('Ctrl Pts',(-13.6427138569339,7.54040035442578,21.897644880331));
#550=CARTESIAN_POINT('Ctrl Pts',(-19.5391861895161,7.5404003544266,17.2005641404867));
#551=CARTESIAN_POINT('Ctrl Pts',(-23.7766277822693,7.54040035442373,10.9711801715004));
#552=CARTESIAN_POINT('Ctrl Pts',(-26.7619739465712,7.54040035442604,1.37032918221313));
#553=CARTESIAN_POINT('Ctrl Pts',(-24.8333107521902,7.54040035442603,-11.4768776196803));
#554=CARTESIAN_POINT('Ctrl Pts',(-15.9896576378288,7.54040035442602,-20.9983545941675));
#555=CARTESIAN_POINT('Ctrl Pts',(-6.62723333463332,7.54040035442572,-24.6427870956877));
#556=CARTESIAN_POINT('Ctrl Pts',(3.40066624900365,7.54040035442568,-25.4244115009133));
#557=CARTESIAN_POINT('Ctrl Pts',(14.2742495441555,7.54040035442401,-21.1519759852483));
#558=CARTESIAN_POINT('Ctrl Pts',(22.2105132751577,7.54040035442583,-11.1726574274616));
#559=CARTESIAN_POINT('Ctrl Pts',(23.9124500547144,7.54040035442622,-3.72723913268938));
#560=CARTESIAN_POINT('Ctrl Pts',(23.9124500547144,7.54040035442622,-2.22044604925031E-15));
#561=CARTESIAN_POINT('Ctrl Pts',(19.6059008515552,-1.26174752607024E-15,
-2.77555756156289E-15));
#562=CARTESIAN_POINT('Ctrl Pts',(19.6059008515552,-1.26174752607024E-15,
-3.08292118396841));
#563=CARTESIAN_POINT('Ctrl Pts',(18.1981733715952,-1.17554907845E-15,-9.24126975440143));
#564=CARTESIAN_POINT('Ctrl Pts',(11.6338305143634,-7.73599005019263E-16,
-17.4954899662331));
#565=CARTESIAN_POINT('Ctrl Pts',(2.6399347398027,-2.22881721410232E-16,
-21.029360879655));
#566=CARTESIAN_POINT('Ctrl Pts',(-5.65446842471761,2.85003992903143E-16,
-20.3828538134346));
#567=CARTESIAN_POINT('Ctrl Pts',(-13.3984352564877,7.59185202564666E-16,
-17.3684246978084));
#568=CARTESIAN_POINT('Ctrl Pts',(-20.7133094996814,1.2070920689693E-15,
-9.49290020841656));
#569=CARTESIAN_POINT('Ctrl Pts',(-22.3085698001406,1.30477359000751E-15,
1.13344400894568));
#570=CARTESIAN_POINT('Ctrl Pts',(-19.8392925137223,1.15357396375653E-15,
9.07462133760386));
#571=CARTESIAN_POINT('Ctrl Pts',(-16.3343662165171,9.3895912520055E-16,
14.227148212691));
#572=CARTESIAN_POINT('Ctrl Pts',(-11.4572014257293,6.40318912702928E-16,
18.1122570560371));
#573=CARTESIAN_POINT('Ctrl Pts',(-4.68870830477679,2.25868240921658E-16,
20.7741652351569));
#574=CARTESIAN_POINT('Ctrl Pts',(3.74285845040329,-2.90416321004768E-16,
20.7766465881931));
#575=CARTESIAN_POINT('Ctrl Pts',(12.2870095703868,-8.1359468703072E-16,
16.6610770723242));
#576=CARTESIAN_POINT('Ctrl Pts',(18.2001812270335,-1.17567202413678E-15,
9.24655847510029));
#577=CARTESIAN_POINT('Ctrl Pts',(19.6059008515552,-1.26174752607024E-15,
3.08292118396841));
#578=CARTESIAN_POINT('Ctrl Pts',(19.6059008515552,-1.26174752607024E-15,
5.55111512312578E-16));
#579=CARTESIAN_POINT('Ctrl Pts',(29.,-1.83697019872103E-15,0.));
#580=CARTESIAN_POINT('Ctrl Pts',(29.,-1.83697019872103E-15,30.));
#581=CARTESIAN_POINT('Ctrl Pts',(-1.,0.,30.));
#582=CARTESIAN_POINT('Ctrl Pts',(-31.,1.83697019872103E-15,30.));
#583=CARTESIAN_POINT('Ctrl Pts',(-31.,1.83697019872103E-15,0.));
#584=CARTESIAN_POINT('Ctrl Pts',(-31.,1.83697019872103E-15,-30.));
#585=CARTESIAN_POINT('Ctrl Pts',(-1.,0.,-30.));
#586=CARTESIAN_POINT('Ctrl Pts',(29.,-1.83697019872103E-15,-30.));
#587=CARTESIAN_POINT('Ctrl Pts',(29.,-1.83697019872103E-15,0.));
#588=CARTESIAN_POINT('Ctrl Pts',(28.0898286896677,1.19999999999955,0.));
#589=CARTESIAN_POINT('Ctrl Pts',(28.0898286896677,1.19999999999955,29.0898286896677));
#590=CARTESIAN_POINT('Ctrl Pts',(-1.,1.19999999999956,29.0898286896677));
#591=CARTESIAN_POINT('Ctrl Pts',(-30.0898286896677,1.19999999999956,29.0898286896677));
#592=CARTESIAN_POINT('Ctrl Pts',(-30.0898286896677,1.19999999999956,0.));
#593=CARTESIAN_POINT('Ctrl Pts',(-30.0898286896677,1.19999999999956,-29.0898286896677));
#594=CARTESIAN_POINT('Ctrl Pts',(-1.,1.19999999999956,-29.0898286896677));
#595=CARTESIAN_POINT('Ctrl Pts',(28.0898286896677,1.19999999999955,-29.0898286896677));
#596=CARTESIAN_POINT('Ctrl Pts',(28.0898286896677,1.19999999999955,0.));
#597=CARTESIAN_POINT('Ctrl Pts',(26.3489708958076,3.59999999999875,0.));
#598=CARTESIAN_POINT('Ctrl Pts',(26.3489708958076,3.59999999999875,27.3489708958076));
#599=CARTESIAN_POINT('Ctrl Pts',(-1.,3.59999999999875,27.3489708958076));
#600=CARTESIAN_POINT('Ctrl Pts',(-28.3489708958076,3.59999999999875,27.3489708958076));
#601=CARTESIAN_POINT('Ctrl Pts',(-28.3489708958076,3.59999999999875,0.));
#602=CARTESIAN_POINT('Ctrl Pts',(-28.3489708958076,3.59999999999875,-27.3489708958076));
#603=CARTESIAN_POINT('Ctrl Pts',(-1.,3.59999999999875,-27.3489708958076));
#604=CARTESIAN_POINT('Ctrl Pts',(26.3489708958076,3.59999999999875,-27.3489708958076));
#605=CARTESIAN_POINT('Ctrl Pts',(26.3489708958076,3.59999999999875,0.));
#606=CARTESIAN_POINT('Ctrl Pts',(23.9761313777385,7.19999999999781,0.));
#607=CARTESIAN_POINT('Ctrl Pts',(23.9761313777385,7.19999999999781,24.9761313777385));
#608=CARTESIAN_POINT('Ctrl Pts',(-1.,7.19999999999781,24.9761313777385));
#609=CARTESIAN_POINT('Ctrl Pts',(-25.9761313777385,7.19999999999781,24.9761313777385));
#610=CARTESIAN_POINT('Ctrl Pts',(-25.9761313777385,7.19999999999781,0.));
#611=CARTESIAN_POINT('Ctrl Pts',(-25.9761313777385,7.19999999999781,-24.9761313777385));
#612=CARTESIAN_POINT('Ctrl Pts',(-1.,7.19999999999781,-24.9761313777385));
#613=CARTESIAN_POINT('Ctrl Pts',(23.9761313777385,7.19999999999781,-24.9761313777385));
#614=CARTESIAN_POINT('Ctrl Pts',(23.9761313777385,7.19999999999781,0.));
#615=CARTESIAN_POINT('Ctrl Pts',(21.2971486853613,11.9999999999971,0.));
#616=CARTESIAN_POINT('Ctrl Pts',(21.2971486853613,11.9999999999971,22.2971486853613));
#617=CARTESIAN_POINT('Ctrl Pts',(-0.999999999999999,11.9999999999971,22.2971486853613));
#618=CARTESIAN_POINT('Ctrl Pts',(-23.2971486853613,11.9999999999971,22.2971486853613));
#619=CARTESIAN_POINT('Ctrl Pts',(-23.2971486853613,11.9999999999971,0.));
#620=CARTESIAN_POINT('Ctrl Pts',(-23.2971486853613,11.9999999999971,-22.2971486853613));
#621=CARTESIAN_POINT('Ctrl Pts',(-0.999999999999999,11.9999999999971,-22.2971486853613));
#622=CARTESIAN_POINT('Ctrl Pts',(21.2971486853613,11.9999999999971,-22.2971486853613));
#623=CARTESIAN_POINT('Ctrl Pts',(21.2971486853613,11.9999999999971,0.));
#624=CARTESIAN_POINT('Ctrl Pts',(18.811263326623,17.9999999999971,0.));
#625=CARTESIAN_POINT('Ctrl Pts',(18.811263326623,17.9999999999971,19.811263326623));
#626=CARTESIAN_POINT('Ctrl Pts',(-0.999999999999999,17.9999999999971,19.811263326623));
#627=CARTESIAN_POINT('Ctrl Pts',(-20.811263326623,17.9999999999971,19.811263326623));
#628=CARTESIAN_POINT('Ctrl Pts',(-20.811263326623,17.9999999999971,0.));
#629=CARTESIAN_POINT('Ctrl Pts',(-20.811263326623,17.9999999999971,-19.811263326623));
#630=CARTESIAN_POINT('Ctrl Pts',(-0.999999999999999,17.9999999999971,-19.811263326623));
#631=CARTESIAN_POINT('Ctrl Pts',(18.811263326623,17.9999999999971,-19.811263326623));
#632=CARTESIAN_POINT('Ctrl Pts',(18.811263326623,17.9999999999971,0.));
#633=CARTESIAN_POINT('Ctrl Pts',(17.2653324327311,23.9999999999981,0.));
#634=CARTESIAN_POINT('Ctrl Pts',(17.2653324327311,23.9999999999981,18.265332432731));
#635=CARTESIAN_POINT('Ctrl Pts',(-0.999999999999999,23.9999999999981,18.2653324327311));
#636=CARTESIAN_POINT('Ctrl Pts',(-19.265332432731,23.9999999999981,18.265332432731));
#637=CARTESIAN_POINT('Ctrl Pts',(-19.2653324327311,23.9999999999981,0.));
#638=CARTESIAN_POINT('Ctrl Pts',(-19.265332432731,23.9999999999981,-18.265332432731));
#639=CARTESIAN_POINT('Ctrl Pts',(-0.999999999999999,23.9999999999981,-18.2653324327311));
#640=CARTESIAN_POINT('Ctrl Pts',(17.2653324327311,23.9999999999981,-18.265332432731));
#641=CARTESIAN_POINT('Ctrl Pts',(17.2653324327311,23.9999999999981,0.));
#642=CARTESIAN_POINT('Ctrl Pts',(16.7360634370486,29.9999999999999,0.));
#643=CARTESIAN_POINT('Ctrl Pts',(16.7360634370486,29.9999999999999,17.7360634370486));
#644=CARTESIAN_POINT('Ctrl Pts',(-0.999999999999998,29.9999999999999,17.7360634370486));
#645=CARTESIAN_POINT('Ctrl Pts',(-18.7360634370486,29.9999999999999,17.7360634370486));
#646=CARTESIAN_POINT('Ctrl Pts',(-18.7360634370486,29.9999999999999,0.));
#647=CARTESIAN_POINT('Ctrl Pts',(-18.7360634370486,29.9999999999999,-17.7360634370486));
#648=CARTESIAN_POINT('Ctrl Pts',(-0.999999999999998,29.9999999999999,-17.7360634370486));
#649=CARTESIAN_POINT('Ctrl Pts',(16.7360634370486,29.9999999999999,-17.7360634370486));
#650=CARTESIAN_POINT('Ctrl Pts',(16.7360634370486,29.9999999999999,0.));
#651=CARTESIAN_POINT('Ctrl Pts',(17.2653324327143,36.0000000000022,0.));
#652=CARTESIAN_POINT('Ctrl Pts',(17.2653324327143,36.0000000000022,18.2653324327143));
#653=CARTESIAN_POINT('Ctrl Pts',(-0.999999999999998,36.0000000000022,18.2653324327143));
#654=CARTESIAN_POINT('Ctrl Pts',(-19.2653324327143,36.0000000000022,18.2653324327143));
#655=CARTESIAN_POINT('Ctrl Pts',(-19.2653324327143,36.0000000000022,0.));
#656=CARTESIAN_POINT('Ctrl Pts',(-19.2653324327143,36.0000000000022,-18.2653324327143));
#657=CARTESIAN_POINT('Ctrl Pts',(-0.999999999999998,36.0000000000022,-18.2653324327143));
#658=CARTESIAN_POINT('Ctrl Pts',(17.2653324327143,36.0000000000022,-18.2653324327143));
#659=CARTESIAN_POINT('Ctrl Pts',(17.2653324327143,36.0000000000022,0.));
#660=CARTESIAN_POINT('Ctrl Pts',(18.8112633265936,42.0000000000042,0.));
#661=CARTESIAN_POINT('Ctrl Pts',(18.8112633265936,42.0000000000042,19.8112633265936));
#662=CARTESIAN_POINT('Ctrl Pts',(-0.999999999999997,42.0000000000042,19.8112633265936));
#663=CARTESIAN_POINT('Ctrl Pts',(-20.8112633265936,42.0000000000042,19.8112633265936));
#664=CARTESIAN_POINT('Ctrl Pts',(-20.8112633265936,42.0000000000042,0.));
#665=CARTESIAN_POINT('Ctrl Pts',(-20.8112633265936,42.0000000000042,-19.8112633265936));
#666=CARTESIAN_POINT('Ctrl Pts',(-0.999999999999997,42.0000000000042,-19.8112633265936));
#667=CARTESIAN_POINT('Ctrl Pts',(18.8112633265936,42.0000000000042,-19.8112633265936));
#668=CARTESIAN_POINT('Ctrl Pts',(18.8112633265936,42.0000000000042,0.));
#669=CARTESIAN_POINT('Ctrl Pts',(21.2971486853276,48.0000000000051,0.));
#670=CARTESIAN_POINT('Ctrl Pts',(21.2971486853276,48.0000000000051,22.2971486853276));
#671=CARTESIAN_POINT('Ctrl Pts',(-0.999999999999997,48.0000000000051,22.2971486853276));
#672=CARTESIAN_POINT('Ctrl Pts',(-23.2971486853276,48.0000000000051,22.2971486853276));
#673=CARTESIAN_POINT('Ctrl Pts',(-23.2971486853276,48.0000000000051,0.));
#674=CARTESIAN_POINT('Ctrl Pts',(-23.2971486853276,48.0000000000051,-22.2971486853276));
#675=CARTESIAN_POINT('Ctrl Pts',(-0.999999999999997,48.0000000000051,-22.2971486853276));
#676=CARTESIAN_POINT('Ctrl Pts',(21.2971486853276,48.0000000000051,-22.2971486853276));
#677=CARTESIAN_POINT('Ctrl Pts',(21.2971486853276,48.0000000000051,0.));
#678=CARTESIAN_POINT('Ctrl Pts',(23.976131377711,52.8000000000043,0.));
#679=CARTESIAN_POINT('Ctrl Pts',(23.976131377711,52.8000000000043,24.9761313777109));
#680=CARTESIAN_POINT('Ctrl Pts',(-0.999999999999997,52.8000000000043,24.976131377711));
#681=CARTESIAN_POINT('Ctrl Pts',(-25.9761313777109,52.8000000000043,24.9761313777109));
#682=CARTESIAN_POINT('Ctrl Pts',(-25.9761313777109,52.8000000000043,0.));
#683=CARTESIAN_POINT('Ctrl Pts',(-25.9761313777109,52.8000000000043,-24.9761313777109));
#684=CARTESIAN_POINT('Ctrl Pts',(-0.999999999999997,52.8000000000043,-24.976131377711));
#685=CARTESIAN_POINT('Ctrl Pts',(23.976131377711,52.8000000000043,-24.9761313777109));
#686=CARTESIAN_POINT('Ctrl Pts',(23.976131377711,52.8000000000043,0.));
#687=CARTESIAN_POINT('Ctrl Pts',(26.3489708957912,56.4000000000027,0.));
#688=CARTESIAN_POINT('Ctrl Pts',(26.3489708957912,56.4000000000027,27.3489708957912));
#689=CARTESIAN_POINT('Ctrl Pts',(-0.999999999999997,56.4000000000027,27.3489708957912));
#690=CARTESIAN_POINT('Ctrl Pts',(-28.3489708957912,56.4000000000027,27.3489708957912));
#691=CARTESIAN_POINT('Ctrl Pts',(-28.3489708957912,56.4000000000027,0.));
#692=CARTESIAN_POINT('Ctrl Pts',(-28.3489708957912,56.4000000000027,-27.3489708957912));
#693=CARTESIAN_POINT('Ctrl Pts',(-0.999999999999997,56.4000000000027,-27.3489708957912));
#694=CARTESIAN_POINT('Ctrl Pts',(26.3489708957912,56.4000000000027,-27.3489708957912));
#695=CARTESIAN_POINT('Ctrl Pts',(26.3489708957912,56.4000000000027,0.));
#696=CARTESIAN_POINT('Ctrl Pts',(28.0898286896617,58.800000000001,0.));
#697=CARTESIAN_POINT('Ctrl Pts',(28.0898286896617,58.800000000001,29.0898286896617));
#698=CARTESIAN_POINT('Ctrl Pts',(-0.999999999999996,58.800000000001,29.0898286896617));
#699=CARTESIAN_POINT('Ctrl Pts',(-30.0898286896617,58.800000000001,29.0898286896617));
#700=CARTESIAN_POINT('Ctrl Pts',(-30.0898286896617,58.800000000001,0.));
#701=CARTESIAN_POINT('Ctrl Pts',(-30.0898286896617,58.800000000001,-29.0898286896617));
#702=CARTESIAN_POINT('Ctrl Pts',(-0.999999999999996,58.800000000001,-29.0898286896617));
#703=CARTESIAN_POINT('Ctrl Pts',(28.0898286896617,58.800000000001,-29.0898286896617));
#704=CARTESIAN_POINT('Ctrl Pts',(28.0898286896617,58.800000000001,0.));
#705=CARTESIAN_POINT('Ctrl Pts',(29.,60.,0.));
#706=CARTESIAN_POINT('Ctrl Pts',(29.,60.,30.));
#707=CARTESIAN_POINT('Ctrl Pts',(-0.999999999999996,60.,30.));
#708=CARTESIAN_POINT('Ctrl Pts',(-31.,60.,30.));
#709=CARTESIAN_POINT('Ctrl Pts',(-31.,60.,0.));
#710=CARTESIAN_POINT('Ctrl Pts',(-31.,60.,-30.));
#711=CARTESIAN_POINT('Ctrl Pts',(-0.999999999999996,60.,-30.));
#712=CARTESIAN_POINT('Ctrl Pts',(29.,60.,-30.));
#713=CARTESIAN_POINT('Ctrl Pts',(29.,60.,0.));
#714=CARTESIAN_POINT('',(23.9124500546841,52.4595996455681,2.77555756156289E-16));
#715=CARTESIAN_POINT('Ctrl Pts',(23.9124500546815,52.4595996455636,0.));
#716=CARTESIAN_POINT('Ctrl Pts',(23.3863133273037,51.5676797164519,0.));
#717=CARTESIAN_POINT('Ctrl Pts',(22.2057245460918,49.4757597873404,0.));
#718=CARTESIAN_POINT('Ctrl Pts',(20.5477854166368,46.1838398582286,0.));
#719=CARTESIAN_POINT('Ctrl Pts',(18.7318849100312,41.6919199291161,0.));
#720=CARTESIAN_POINT('Ctrl Pts',(17.2653324327143,36.0000000000022,0.));
#721=CARTESIAN_POINT('Ctrl Pts',(16.7360634370486,29.9999999999999,0.));
#722=CARTESIAN_POINT('Ctrl Pts',(17.2653324327311,23.9999999999981,0.));
#723=CARTESIAN_POINT('Ctrl Pts',(18.7318849100603,18.3080800708837,0.));
#724=CARTESIAN_POINT('Ctrl Pts',(20.5477854166704,13.8161601417702,0.));
#725=CARTESIAN_POINT('Ctrl Pts',(22.2057245461247,10.5242402126571,0.));
#726=CARTESIAN_POINT('Ctrl Pts',(23.3863133273346,8.43232028354397,0.));
#727=CARTESIAN_POINT('Ctrl Pts',(23.9124500547117,7.54040035443069,0.));
#728=CARTESIAN_POINT('Ctrl Pts',(23.9124500546841,52.4595996455681,-2.34767196463805E-14));
#729=CARTESIAN_POINT('Ctrl Pts',(23.9124500546841,52.4595996455681,-0.36699504936749));
#730=CARTESIAN_POINT('Ctrl Pts',(23.9043383683064,52.4595996455681,-0.73735380348215));
#731=CARTESIAN_POINT('Ctrl Pts',(23.8876822638944,52.4595996455681,-1.11060310577908));
#732=CARTESIAN_POINT('Ctrl Pts',(23.8711562852981,52.4595996455681,-1.48093639790181));
#733=CARTESIAN_POINT('Ctrl Pts',(23.8462184243012,52.4595996455681,-1.85411511353326));
#734=CARTESIAN_POINT('Ctrl Pts',(23.8124756288239,52.4595996455681,-2.22962348753096));
#735=CARTESIAN_POINT('Ctrl Pts',(23.7789964489362,52.4595996455681,-2.60219820235681));
#736=CARTESIAN_POINT('Ctrl Pts',(23.7368489408737,52.4595996455681,-2.97706611799849));
#737=CARTESIAN_POINT('Ctrl Pts',(23.6856850286312,52.4595996455681,-3.35367297069128));
#738=CARTESIAN_POINT('Ctrl Pts',(23.634920834453,52.4595996455681,-3.7273375823474));
#739=CARTESIAN_POINT('Ctrl Pts',(23.5752801599346,52.4595996455681,-4.10271380705764));
#740=CARTESIAN_POINT('Ctrl Pts',(23.5064646916326,52.4595996455681,-4.47921377530639));
#741=CARTESIAN_POINT('Ctrl Pts',(23.4381868441767,52.4595996455681,-4.8527723375532));
#742=CARTESIAN_POINT('Ctrl Pts',(23.3608766280705,52.4595996455681,-5.22743683782904));
#743=CARTESIAN_POINT('Ctrl Pts',(23.2742896354852,52.4595996455681,-5.60259140217312));
#744=CARTESIAN_POINT('Ctrl Pts',(23.1883791037795,52.4595996455681,-5.97481507148327));
#745=CARTESIAN_POINT('Ctrl Pts',(23.09333585327,52.4595996455681,-6.34752081145975));
#746=CARTESIAN_POINT('Ctrl Pts',(22.9889727606343,52.4595996455681,-6.720070953247));
#747=CARTESIAN_POINT('Ctrl Pts',(22.8854250046599,52.4595996455681,-7.08971054705154));
#748=CARTESIAN_POINT('Ctrl Pts',(22.7727021878333,52.4595996455681,-7.4591965554781));
#749=CARTESIAN_POINT('Ctrl Pts',(22.6506769835596,52.4595996455681,-7.82787620919317));
#750=CARTESIAN_POINT('Ctrl Pts',(22.5296051011943,52.4595996455681,-8.1936755531136));
#751=CARTESIAN_POINT('Ctrl Pts',(22.3993754008822,52.4595996455681,-8.55868064969447));
#752=CARTESIAN_POINT('Ctrl Pts',(22.2599219189525,52.4595996455681,-8.92223066566656));
#753=CARTESIAN_POINT('Ctrl Pts',(22.1215579173505,52.4595996455681,-9.28294044713886));
#754=CARTESIAN_POINT('Ctrl Pts',(21.974113544899,52.4595996455681,-9.64221732851927));
#755=CARTESIAN_POINT('Ctrl Pts',(21.8175847688535,52.4595996455681,-9.99939963414385));
#756=CARTESIAN_POINT('Ctrl Pts',(21.6622788738707,52.4595996455681,-10.3537914530057));
#757=CARTESIAN_POINT('Ctrl Pts',(21.4980298842913,52.4595996455681,-10.7061208170341));
#758=CARTESIAN_POINT('Ctrl Pts',(21.3248952459246,52.4595996455681,-11.0557324490793));
#759=CARTESIAN_POINT('Ctrl Pts',(21.1531132219201,52.4595996455681,-11.4026127402491));
#760=CARTESIAN_POINT('Ctrl Pts',(20.9725838329413,52.4595996455681,-11.7468171177005));
#761=CARTESIAN_POINT('Ctrl Pts',(20.7834245398162,52.4595996455681,-12.0877037953973));
#762=CARTESIAN_POINT('Ctrl Pts',(20.5957430536686,52.4595996455681,-12.4259272959247));
#763=CARTESIAN_POINT('Ctrl Pts',(20.3995660336349,52.4595996455681,-12.7608842624973));
#764=CARTESIAN_POINT('Ctrl Pts',(20.1950685213059,52.4595996455681,-13.0919531814118));
#765=CARTESIAN_POINT('Ctrl Pts',(19.992168645792,52.4595996455681,-13.4204356243972));
#766=CARTESIAN_POINT('Ctrl Pts',(19.7810778960227,52.4595996455681,-13.7450900825814));
#767=CARTESIAN_POINT('Ctrl Pts',(19.5620255593576,52.4595996455681,-14.0653216324212));
#768=CARTESIAN_POINT('Ctrl Pts',(19.3446845690726,52.4595996455681,-14.3830513732779));
#769=CARTESIAN_POINT('Ctrl Pts',(19.1195060821788,52.4595996455681,-14.6964266229366));
#770=CARTESIAN_POINT('Ctrl Pts',(18.8867694924422,52.4595996455681,-15.0048847673549));
#771=CARTESIAN_POINT('Ctrl Pts',(18.6558511573129,52.4595996455681,-15.31093308252));
#772=CARTESIAN_POINT('Ctrl Pts',(18.4174925812861,52.4595996455681,-15.6121404392384));
#773=CARTESIAN_POINT('Ctrl Pts',(18.1720184391817,52.4595996455681,-15.9079815405603));
#774=CARTESIAN_POINT('Ctrl Pts',(17.9284620638125,52.4595996455681,-16.2015113832781));
#775=CARTESIAN_POINT('Ctrl Pts',(17.6779011401699,52.4595996455681,-16.4897581526164));
#776=CARTESIAN_POINT('Ctrl Pts',(17.4207002478377,52.4595996455681,-16.7722380768471));
#777=CARTESIAN_POINT('Ctrl Pts',(17.1655087374769,52.4595996455681,-17.0525111266698));
#778=CARTESIAN_POINT('Ctrl Pts',(16.9037809087112,52.4595996455681,-17.3271067977781));
#779=CARTESIAN_POINT('Ctrl Pts',(16.635915464462,52.4595996455681,-17.5955861924938));
#780=CARTESIAN_POINT('Ctrl Pts',(16.370142718996,52.4595996455681,-17.8619680919384));
#781=CARTESIAN_POINT('Ctrl Pts',(16.0983282151143,52.4595996455681,-18.1223286726656));
#782=CARTESIAN_POINT('Ctrl Pts',(15.8208987429173,52.4595996455681,-18.3762763694839));
#783=CARTESIAN_POINT('Ctrl Pts',(15.5435357024044,52.4595996455681,-18.6301632574305));
#784=CARTESIAN_POINT('Ctrl Pts',(15.2605606976006,52.4595996455681,-18.8776400937515));
#785=CARTESIAN_POINT('Ctrl Pts',(14.9724329306999,52.4595996455681,-19.118356467056));
#786=CARTESIAN_POINT('Ctrl Pts',(14.6838570982507,52.4595996455681,-19.3594471767704));
#787=CARTESIAN_POINT('Ctrl Pts',(14.3901128017545,52.4595996455681,-19.5937561737772));
#788=CARTESIAN_POINT('Ctrl Pts',(14.0916893270058,52.4595996455681,-19.8209757828485));
#789=CARTESIAN_POINT('Ctrl Pts',(13.792614701023,52.4595996455681,-20.0486911784159));
#790=CARTESIAN_POINT('Ctrl Pts',(13.4888408145252,52.4595996455681,-20.2692860498366));
#791=CARTESIAN_POINT('Ctrl Pts',(13.1808829641983,52.4595996455681,-20.4824980430327));
#792=CARTESIAN_POINT('Ctrl Pts',(12.8720604879357,52.4595996455681,-20.696308652627));
#793=CARTESIAN_POINT('Ctrl Pts',(12.5590308983217,52.4595996455681,-20.9026947493361));
#794=CARTESIAN_POINT('Ctrl Pts',(12.2423311994356,52.4595996455681,-21.1014414704679));
#795=CARTESIAN_POINT('Ctrl Pts',(11.9245446783426,52.4595996455681,-21.3008702331389));
#796=CARTESIAN_POINT('Ctrl Pts',(11.6030632045326,52.4595996455681,-21.4926070247023));
#797=CARTESIAN_POINT('Ctrl Pts',(11.278441001426,52.4595996455681,-21.6764862074468));
#798=CARTESIAN_POINT('Ctrl Pts',(10.9525027882445,52.4595996455681,-21.861110831676));
#799=CARTESIAN_POINT('Ctrl Pts',(10.6233987246086,52.4595996455681,-22.0378139833234));
#800=CARTESIAN_POINT('Ctrl Pts',(10.2916956291046,52.4595996455681,-22.2064805303945));
#801=CARTESIAN_POINT('Ctrl Pts',(9.95844211876939,52.4595996455681,-22.3759354424813));
#802=CARTESIAN_POINT('Ctrl Pts',(9.62256561887439,52.4595996455681,-22.5372784690749));
#803=CARTESIAN_POINT('Ctrl Pts',(9.2846408327435,52.4595996455681,-22.6904458014512));
#804=CARTESIAN_POINT('Ctrl Pts',(8.94492781136594,52.4595996455681,-22.8444236669214));
#805=CARTESIAN_POINT('Ctrl Pts',(8.60314515756989,52.4595996455681,-22.9901391508027));
#806=CARTESIAN_POINT('Ctrl Pts',(8.25987071325843,52.4595996455681,-23.1275801177051));
#807=CARTESIAN_POINT('Ctrl Pts',(7.91456860705176,52.4595996455681,-23.265832924277));
#808=CARTESIAN_POINT('Ctrl Pts',(7.56775741254723,52.4595996455681,-23.3957132893443));
#809=CARTESIAN_POINT('Ctrl Pts',(7.22001337872176,52.4595996455681,-23.5172606351328));
#810=CARTESIAN_POINT('Ctrl Pts',(6.87000244957947,52.4595996455681,-23.6396003312771));
#811=CARTESIAN_POINT('Ctrl Pts',(6.51904683983343,52.4595996455681,-23.7534981711909));
#812=CARTESIAN_POINT('Ctrl Pts',(6.16771653815039,52.4595996455681,-23.8590445608338));
#813=CARTESIAN_POINT('Ctrl Pts',(5.81388207268485,52.4595996455681,-23.9653432495101));
#814=CARTESIAN_POINT('Ctrl Pts',(5.45966789281631,52.4595996455681,-24.06317121345));
#815=CARTESIAN_POINT('Ctrl Pts',(5.10563317144125,52.4595996455681,-24.1526688236088));
#816=CARTESIAN_POINT('Ctrl Pts',(4.74886070972132,52.4595996455681,-24.2428585162197));
#817=CARTESIAN_POINT('Ctrl Pts',(4.39227080329683,52.4595996455681,-24.3245887609767));
#818=CARTESIAN_POINT('Ctrl Pts',(4.0364074111919,52.4595996455681,-24.3980484489153));
#819=CARTESIAN_POINT('Ctrl Pts',(3.6775780600977,52.4595996455681,-24.4721203898326));
#820=CARTESIAN_POINT('Ctrl Pts',(3.31948766303499,52.4595996455681,-24.5377836121709));
#821=CARTESIAN_POINT('Ctrl Pts',(2.9626607668338,52.4595996455681,-24.5952736795939));
#822=CARTESIAN_POINT('Ctrl Pts',(2.60264664097732,52.4595996455681,-24.6532772566479));
#823=CARTESIAN_POINT('Ctrl Pts',(2.24391893184185,52.4595996455681,-24.7029613246819));
#824=CARTESIAN_POINT('Ctrl Pts',(1.8869788143616,52.4595996455681,-24.7446058981055));
#825=CARTESIAN_POINT('Ctrl Pts',(1.52663864497318,52.4595996455681,-24.7866471591089));
#826=CARTESIAN_POINT('Ctrl Pts',(1.1681204900093,52.4595996455681,-24.8204953658359));
#827=CARTESIAN_POINT('Ctrl Pts',(0.811898466195387,52.4595996455681,-24.8464724191449));
#828=CARTESIAN_POINT('Ctrl Pts',(0.452073415243659,52.4595996455681,-24.87271221878));
#829=CARTESIAN_POINT('Ctrl Pts',(0.0945913430034203,52.4595996455681,-24.8909211848373));
#830=CARTESIAN_POINT('Ctrl Pts',(-0.260104074630122,52.4595996455681,-24.9014602332223));
#831=CARTESIAN_POINT('Ctrl Pts',(-0.40030258096226,52.4595996455681,-24.9056259448957));
#832=CARTESIAN_POINT('Ctrl Pts',(-0.540066220476557,52.4595996455681,-24.9085936432802));
#833=CARTESIAN_POINT('Ctrl Pts',(-0.679369578454712,52.4595996455681,-24.9103866662063));
#834=CARTESIAN_POINT('Ctrl Pts',(-0.748749180572741,52.4595996455681,-24.9112796756715));
#835=CARTESIAN_POINT('Ctrl Pts',(-0.818014627092461,52.4595996455681,-24.9118813145565));
#836=CARTESIAN_POINT('Ctrl Pts',(-0.887162882872593,52.4595996455681,-24.9121945141757));
#837=CARTESIAN_POINT('Ctrl Pts',(-0.921730467335581,52.4595996455681,-24.9123510843476));
#838=CARTESIAN_POINT('Ctrl Pts',(-0.956268766289719,52.4595996455681,-24.9124355724762));
#839=CARTESIAN_POINT('Ctrl Pts',(-0.990777407081439,52.4595996455681,-24.9124483475814));
#840=CARTESIAN_POINT('Ctrl Pts',(-1.00376840583802,52.4595996455681,-24.9124531568515));
#841=CARTESIAN_POINT('Ctrl Pts',(-1.01675706460095,52.4595996455681,-24.9124478084574));
#842=CARTESIAN_POINT('Ctrl Pts',(-1.02975248525495,52.4595996455681,-24.9124322882522));
#843=CARTESIAN_POINT('Ctrl Pts',(-1.38085036783405,52.4595996455681,-24.9120129781482));
#844=CARTESIAN_POINT('Ctrl Pts',(-1.73501243449439,52.4595996455681,-24.9041660067563));
#845=CARTESIAN_POINT('Ctrl Pts',(-2.09182475440722,52.4595996455681,-24.8885131422669));
#846=CARTESIAN_POINT('Ctrl Pts',(-2.44500775266402,52.4595996455681,-24.8730194911143));
#847=CARTESIAN_POINT('Ctrl Pts',(-2.80078723674368,52.4595996455681,-24.8498775897651));
#848=CARTESIAN_POINT('Ctrl Pts',(-3.15871731088859,52.4595996455681,-24.8187450790486));
#849=CARTESIAN_POINT('Ctrl Pts',(-3.5132192513303,52.4595996455681,-24.7879107450346));
#850=CARTESIAN_POINT('Ctrl Pts',(-3.8698306162355,52.4595996455681,-24.7492378014304));
#851=CARTESIAN_POINT('Ctrl Pts',(-4.22807653904756,52.4595996455681,-24.7024227472768));
#852=CARTESIAN_POINT('Ctrl Pts',(-4.58310554623956,52.4595996455681,-24.6560280749598));
#853=CARTESIAN_POINT('Ctrl Pts',(-4.93973968152633,52.4595996455681,-24.6016365518021));
#854=CARTESIAN_POINT('Ctrl Pts',(-5.29747841280902,52.4595996455681,-24.5389862671336));
#855=CARTESIAN_POINT('Ctrl Pts',(-5.65222013991827,52.4595996455681,-24.4768608436226));
#856=CARTESIAN_POINT('Ctrl Pts',(-6.00804779030807,52.4595996455681,-24.4066141713343));
#857=CARTESIAN_POINT('Ctrl Pts',(-6.36443876036977,52.4595996455681,-24.3280283729153));
#858=CARTESIAN_POINT('Ctrl Pts',(-6.7180598920189,52.4595996455681,-24.2500533362199));
#859=CARTESIAN_POINT('Ctrl Pts',(-7.07223534538884,52.4595996455681,-24.1638680352715));
#860=CARTESIAN_POINT('Ctrl Pts',(-7.42642430141521,52.4595996455681,-24.0693007464968));
#861=CARTESIAN_POINT('Ctrl Pts',(-7.7780763083816,52.4595996455681,-23.9754108147945));
#862=CARTESIAN_POINT('Ctrl Pts',(-8.12974131948982,52.4595996455681,-23.8732583174958));
#863=CARTESIAN_POINT('Ctrl Pts',(-8.4808643873251,52.4595996455681,-23.7627194518132));
#864=CARTESIAN_POINT('Ctrl Pts',(-8.82968750873968,52.4595996455681,-23.6529046441369));
#865=CARTESIAN_POINT('Ctrl Pts',(-9.17797543165358,52.4595996455681,-23.5348127878703));
#866=CARTESIAN_POINT('Ctrl Pts',(-9.52516336354091,52.4595996455681,-23.4083693868682));
#867=CARTESIAN_POINT('Ctrl Pts',(-9.87029078850315,52.4595996455681,-23.2826764079847));
#868=CARTESIAN_POINT('Ctrl Pts',(-10.2143308870995,52.4595996455681,-23.1487305744944));
#869=CARTESIAN_POINT('Ctrl Pts',(-10.5567134625537,52.4595996455681,-23.0065076776501));
#870=CARTESIAN_POINT('Ctrl Pts',(-10.8972756795689,52.4595996455681,-22.8650409426816));
#871=CARTESIAN_POINT('Ctrl Pts',(-11.2361975821548,52.4595996455681,-22.7153848211612));
#872=CARTESIAN_POINT('Ctrl Pts',(-11.5729081260933,52.4595996455681,-22.5575659476886));
#873=CARTESIAN_POINT('Ctrl Pts',(-11.90803740552,52.4595996455681,-22.4004882252978));
#874=CARTESIAN_POINT('Ctrl Pts',(-12.2409756666491,52.4595996455681,-22.2353241806171));
#875=CARTESIAN_POINT('Ctrl Pts',(-12.571155646253,52.4595996455681,-22.0621514077235));
#876=CARTESIAN_POINT('Ctrl Pts',(-12.8999906180967,52.4595996455681,-21.8896840644071));
#877=CARTESIAN_POINT('Ctrl Pts',(-13.2260893480962,52.4595996455681,-21.7092730958445));
#878=CARTESIAN_POINT('Ctrl Pts',(-13.5488930076722,52.4595996455681,-21.5210467219679));
#879=CARTESIAN_POINT('Ctrl Pts',(-13.8705832946476,52.4595996455681,-21.3334695541371));
#880=CARTESIAN_POINT('Ctrl Pts',(-14.1890008152978,52.4595996455681,-21.1381308343827));
#881=CARTESIAN_POINT('Ctrl Pts',(-14.5035998067393,52.4595996455681,-20.9352086205646));
#882=CARTESIAN_POINT('Ctrl Pts',(-14.8173106705953,52.4595996455681,-20.7328592655943));
#883=CARTESIAN_POINT('Ctrl Pts',(-15.1272241538529,52.4595996455681,-20.5229692545099));
#884=CARTESIAN_POINT('Ctrl Pts',(-15.4328121191751,52.4595996455681,-20.305765241914));
#885=CARTESIAN_POINT('Ctrl Pts',(-15.7377290769529,52.4595996455681,-20.0890381641049));
#886=CARTESIAN_POINT('Ctrl Pts',(-16.0383391227018,52.4595996455681,-19.8650292966575));
#887=CARTESIAN_POINT('Ctrl Pts',(-16.3341361846672,52.4595996455681,-19.6340122032459));
#888=CARTESIAN_POINT('Ctrl Pts',(-16.6294695507743,52.4595996455681,-19.4033572556538));
#889=CARTESIAN_POINT('Ctrl Pts',(-16.9200046592421,52.4595996455681,-19.1657162085629));
#890=CARTESIAN_POINT('Ctrl Pts',(-17.2052617762098,52.4595996455681,-18.921407413077));
#891=CARTESIAN_POINT('Ctrl Pts',(-17.4902510860975,52.4595996455681,-18.6773279812816));
#892=CARTESIAN_POINT('Ctrl Pts',(-17.7699719809388,52.4595996455681,-18.4265935280853));
#893=CARTESIAN_POINT('Ctrl Pts',(-18.0439751228982,52.4595996455681,-18.1695646545854));
#894=CARTESIAN_POINT('Ctrl Pts',(-18.3178933946725,52.4595996455681,-17.9126153936326));
#895=CARTESIAN_POINT('Ctrl Pts',(-18.5860971537343,52.4595996455681,-17.6493758630239));
#896=CARTESIAN_POINT('Ctrl Pts',(-18.8481712579582,52.4595996455681,-17.3802459842697));
#897=CARTESIAN_POINT('Ctrl Pts',(-19.1103290494699,52.4595996455681,-17.1110301651298));
#898=CARTESIAN_POINT('Ctrl Pts',(-19.3663530019366,52.4595996455681,-16.8359205224432));
#899=CARTESIAN_POINT('Ctrl Pts',(-19.6158656688089,52.4595996455681,-16.5553530052365));
#900=CARTESIAN_POINT('Ctrl Pts',(-19.8656148896384,52.4595996455681,-16.2745194920893));
#901=CARTESIAN_POINT('Ctrl Pts',(-20.1088402405818,52.4595996455681,-15.9882180686346));
#902=CARTESIAN_POINT('Ctrl Pts',(-20.345205132899,52.4595996455681,-15.6969170888167));
#903=CARTESIAN_POINT('Ctrl Pts',(-20.5819425731938,52.4595996455681,-15.4051569731694));
#904=CARTESIAN_POINT('Ctrl Pts',(-20.8117977195295,52.4595996455681,-15.1083818725915));
#905=CARTESIAN_POINT('Ctrl Pts',(-21.0344776319276,52.4595996455681,-14.8070886315617));
#906=CARTESIAN_POINT('Ctrl Pts',(-21.2576481731491,52.4595996455681,-14.5051315536066));
#907=CARTESIAN_POINT('Ctrl Pts',(-21.4736116785079,52.4595996455681,-14.1986367685775));
#908=CARTESIAN_POINT('Ctrl Pts',(-21.682121247501,52.4595996455681,-13.8881254469707));
#909=CARTESIAN_POINT('Ctrl Pts',(-21.8912207238456,52.4595996455681,-13.576735638529));
#910=CARTESIAN_POINT('Ctrl Pts',(-22.0928239239319,52.4595996455681,-13.2613069146856));
#911=CARTESIAN_POINT('Ctrl Pts',(-22.2867319533967,52.4595996455681,-12.94238040205));
#912=CARTESIAN_POINT('Ctrl Pts',(-22.4813096368163,52.4595996455681,-12.6223524889152));
#913=CARTESIAN_POINT('Ctrl Pts',(-22.6681388513067,52.4595996455681,-12.2988029760446));
#914=CARTESIAN_POINT('Ctrl Pts',(-22.847070232941,52.4595996455681,-11.9722884180124));
#915=CARTESIAN_POINT('Ctrl Pts',(-23.0267309192896,52.4595996455681,-11.6444430224027));
#916=CARTESIAN_POINT('Ctrl Pts',(-23.1984292511786,52.4595996455681,-11.3136087553465));
#917=CARTESIAN_POINT('Ctrl Pts',(-23.3620664644719,52.4595996455681,-10.9803529617981));
#918=CARTESIAN_POINT('Ctrl Pts',(-23.526472143237,52.4595996455681,-10.6455321478888));
#919=CARTESIAN_POINT('Ctrl Pts',(-23.6827408516633,52.4595996455681,-10.3082674014533));
#920=CARTESIAN_POINT('Ctrl Pts',(-23.8308250331312,52.4595996455681,-9.96913216050828));
#921=CARTESIAN_POINT('Ctrl Pts',(-23.9796961283738,52.4595996455681,-9.62819476763874));
#922=CARTESIAN_POINT('Ctrl Pts',(-24.1202955662557,52.4595996455681,-9.28536733093809));
#923=CARTESIAN_POINT('Ctrl Pts',(-24.2526271430014,52.4595996455681,-8.94122467426503));
#924=CARTESIAN_POINT('Ctrl Pts',(-24.3857433184511,52.4595996455681,-8.59504158333517));
#925=CARTESIAN_POINT('Ctrl Pts',(-24.5104934316371,52.4595996455681,-8.24752799943237));
#926=CARTESIAN_POINT('Ctrl Pts',(-24.6269323196306,52.4595996455681,-7.89925546432853));
#927=CARTESIAN_POINT('Ctrl Pts',(-24.7441328462385,52.4595996455681,-7.54870484313462));
#928=CARTESIAN_POINT('Ctrl Pts',(-24.8529132362282,52.4595996455681,-7.19738565959248));
#929=CARTESIAN_POINT('Ctrl Pts',(-24.953378608926,52.4595996455681,-6.8458615925662));
#930=CARTESIAN_POINT('Ctrl Pts',(-25.0545622984979,52.4595996455681,-6.49182416534248));
#931=CARTESIAN_POINT('Ctrl Pts',(-25.1473118560244,52.4595996455681,-6.13757924033301));
#932=CARTESIAN_POINT('Ctrl Pts',(-25.2317814940093,52.4595996455681,-5.78367818552497));
#933=CARTESIAN_POINT('Ctrl Pts',(-25.3169062076838,52.4595996455681,-5.4270325708599));
#934=CARTESIAN_POINT('Ctrl Pts',(-25.3936223294502,52.4595996455681,-5.07073647792883));
#935=CARTESIAN_POINT('Ctrl Pts',(-25.4621315665354,52.4595996455681,-4.71532469175165));
#936=CARTESIAN_POINT('Ctrl Pts',(-25.5312133118066,52.4595996455681,-4.35694285123363));
#937=CARTESIAN_POINT('Ctrl Pts',(-25.5919507173933,52.4595996455681,-3.99946042357427));
#938=CARTESIAN_POINT('Ctrl Pts',(-25.6445910030747,52.4595996455681,-3.64339155434846));
#939=CARTESIAN_POINT('Ctrl Pts',(-25.6977026376385,52.4595996455681,-3.28413439194767));
#940=CARTESIAN_POINT('Ctrl Pts',(-25.7425718079232,52.4595996455681,-2.92631644430214));
#941=CARTESIAN_POINT('Ctrl Pts',(-25.7794889100559,52.4595996455681,-2.57042741261945));
#942=CARTESIAN_POINT('Ctrl Pts',(-25.8167584749492,52.4595996455681,-2.21114056194942));
#943=CARTESIAN_POINT('Ctrl Pts',(-25.8459237372571,52.4595996455681,-1.85381982504962));
#944=CARTESIAN_POINT('Ctrl Pts',(-25.8673156123509,52.4595996455681,-1.49892693713132));
#945=CARTESIAN_POINT('Ctrl Pts',(-25.8889243205881,52.4595996455681,-1.14043677033364));
#946=CARTESIAN_POINT('Ctrl Pts',(-25.902601609183,52.4595996455681,-0.78442406910258));
#947=CARTESIAN_POINT('Ctrl Pts',(-25.9087159707123,52.4595996455681,-0.431319391528893));
#948=CARTESIAN_POINT('Ctrl Pts',(-25.9103255058151,52.4595996455681,-0.338368660572611));
#949=CARTESIAN_POINT('Ctrl Pts',(-25.9114111017149,52.4595996455681,-0.245619191729378));
#950=CARTESIAN_POINT('Ctrl Pts',(-25.9119797438766,52.4595996455681,-0.153078306143817));
#951=CARTESIAN_POINT('Ctrl Pts',(-25.9121716396252,52.4595996455681,-0.121849171709409));
#952=CARTESIAN_POINT('Ctrl Pts',(-25.912304664825,52.4595996455681,-0.0906437891445154));
#953=CARTESIAN_POINT('Ctrl Pts',(-25.9123790904454,52.4595996455681,-0.0594624340819559));
#954=CARTESIAN_POINT('Ctrl Pts',(-25.9124194383323,52.4595996455681,-0.0425582849437385));
#955=CARTESIAN_POINT('Ctrl Pts',(-25.9124425639402,52.4595996455681,-0.0256611973909488));
#956=CARTESIAN_POINT('Ctrl Pts',(-25.9124485105924,52.4595996455681,-0.0087712149849089));
#957=CARTESIAN_POINT('Ctrl Pts',(-25.9124531272724,52.4595996455681,0.00434131309889411));
#958=CARTESIAN_POINT('Ctrl Pts',(-25.9124473953485,52.4595996455681,0.0174517641248812));
#959=CARTESIAN_POINT('Ctrl Pts',(-25.9124312996839,52.4595996455681,0.0305690310395766));
#960=CARTESIAN_POINT('Ctrl Pts',(-25.9119809419976,52.4595996455681,0.397590965948952));
#961=CARTESIAN_POINT('Ctrl Pts',(-25.9034135752353,52.4595996455681,0.767961310565438));
#962=CARTESIAN_POINT('Ctrl Pts',(-25.886297768052,52.4595996455681,1.14120599673326));
#963=CARTESIAN_POINT('Ctrl Pts',(-25.869449395356,52.4595996455681,1.50861873467971));
#964=CARTESIAN_POINT('Ctrl Pts',(-25.844317236196,52.4595996455681,1.87881648943033));
#965=CARTESIAN_POINT('Ctrl Pts',(-25.8105187047539,52.4595996455681,2.25129503357153));
#966=CARTESIAN_POINT('Ctrl Pts',(-25.7772482753656,52.4595996455681,2.61795360046051));
#967=CARTESIAN_POINT('Ctrl Pts',(-25.7355798231621,52.4595996455681,2.98682198850506));
#968=CARTESIAN_POINT('Ctrl Pts',(-25.6851822469369,52.4595996455681,3.3573717641392));
#969=CARTESIAN_POINT('Ctrl Pts',(-25.6355721328403,52.4595996455681,3.72213169952906));
#970=CARTESIAN_POINT('Ctrl Pts',(-25.5775032349757,52.4595996455681,4.08852059968954));
#971=CARTESIAN_POINT('Ctrl Pts',(-25.5106977198977,52.4595996455681,4.45599203443321));
#972=CARTESIAN_POINT('Ctrl Pts',(-25.4449360409927,52.4595996455681,4.81772172800902));
#973=CARTESIAN_POINT('Ctrl Pts',(-25.370708367201,52.4595996455681,5.18050007013677));
#974=CARTESIAN_POINT('Ctrl Pts',(-25.2877910371501,52.4595996455681,5.54376895828664));
#975=CARTESIAN_POINT('Ctrl Pts',(-25.2061692903811,52.4595996455681,5.90136177005916));
#976=CARTESIAN_POINT('Ctrl Pts',(-25.1161271063078,52.4595996455681,6.2594295746689));
#977=CARTESIAN_POINT('Ctrl Pts',(-25.0174950245681,52.4595996455681,6.61740889411963));
#978=CARTESIAN_POINT('Ctrl Pts',(-24.9204040691057,52.4595996455681,6.96979478670394));
#979=CARTESIAN_POINT('Ctrl Pts',(-24.8149893957742,52.4595996455681,7.32209458108434));
#980=CARTESIAN_POINT('Ctrl Pts',(-24.7011349278529,52.4595996455681,7.67374555603967));
#981=CARTESIAN_POINT('Ctrl Pts',(-24.5885305411798,52.4595996455681,8.02153552933484));
#982=CARTESIAN_POINT('Ctrl Pts',(-24.4676705313201,52.4595996455681,8.36869050125692));
#983=CARTESIAN_POINT('Ctrl Pts',(-24.338489794428,52.4595996455681,8.71464639801929));
#984=CARTESIAN_POINT('Ctrl Pts',(-24.2100384680217,52.4595996455681,9.0586488776948));
#985=CARTESIAN_POINT('Ctrl Pts',(-24.0733599751896,52.4595996455681,9.40146543077086));
#986=CARTESIAN_POINT('Ctrl Pts',(-23.9284393872151,52.4595996455681,9.74252713590944));
#987=CARTESIAN_POINT('Ctrl Pts',(-23.7842488217864,52.4595996455681,10.0818707778126));
#988=CARTESIAN_POINT('Ctrl Pts',(-23.6318988933812,52.4595996455681,10.4194768368228));
#989=CARTESIAN_POINT('Ctrl Pts',(-23.4714253817973,52.4595996455681,10.7547761035479));
#990=CARTESIAN_POINT('Ctrl Pts',(-23.3116621382868,52.4595996455681,11.0885913099951));
#991=CARTESIAN_POINT('Ctrl Pts',(-23.1438470124343,52.4595996455681,11.4201197182376));
#992=CARTESIAN_POINT('Ctrl Pts',(-22.9680665831007,52.4595996455681,11.7487964629397));
#993=CARTESIAN_POINT('Ctrl Pts',(-22.7929563609006,52.4595996455681,12.0762200448195));
#994=CARTESIAN_POINT('Ctrl Pts',(-22.6099414538351,52.4595996455681,12.4008132811856));
#995=CARTESIAN_POINT('Ctrl Pts',(-22.4191588770778,52.4595996455681,12.7220203083327));
#996=CARTESIAN_POINT('Ctrl Pts',(-22.2289863671533,52.4595996455681,13.0422002094335));
#997=CARTESIAN_POINT('Ctrl Pts',(-22.0310958273085,52.4595996455681,13.3590151376832));
#998=CARTESIAN_POINT('Ctrl Pts',(-21.8256738880518,52.4595996455681,13.6719228653341));
#999=CARTESIAN_POINT('Ctrl Pts',(-21.6207821909036,52.4595996455681,13.9840229048975));
#1000=CARTESIAN_POINT('Ctrl Pts',(-21.4083980131127,52.4595996455681,14.2922355099085));
#1001=CARTESIAN_POINT('Ctrl Pts',(-21.1887563221712,52.4595996455681,14.5960366501021));
#1002=CARTESIAN_POINT('Ctrl Pts',(-20.9695459256802,52.4595996455681,14.8992412380414));
#1003=CARTESIAN_POINT('Ctrl Pts',(-20.7431066241821,52.4595996455681,15.1980513026839));
#1004=CARTESIAN_POINT('Ctrl Pts',(-20.5097199931998,52.4595996455681,15.4919654503252));
#1005=CARTESIAN_POINT('Ctrl Pts',(-20.2766473107576,52.4595996455681,15.7854842286295));
#1006=CARTESIAN_POINT('Ctrl Pts',(-20.0366461551902,52.4595996455681,16.0741199044761));
#1007=CARTESIAN_POINT('Ctrl Pts',(-19.790042543229,52.4595996455681,16.3573979883958));
#1008=CARTESIAN_POINT('Ctrl Pts',(-19.5436180180691,52.4595996455681,16.640470352028));
#1009=CARTESIAN_POINT('Ctrl Pts',(-19.2906008422149,52.4595996455681,16.9181925773893));
#1010=CARTESIAN_POINT('Ctrl Pts',(-19.0313588875183,52.4595996455681,17.1901211280388));
#1011=CARTESIAN_POINT('Ctrl Pts',(-18.77214467473,52.4595996455681,17.4620205791664));
#1012=CARTESIAN_POINT('Ctrl Pts',(-18.506707273324,52.4595996455681,17.7281272989815));
#1013=CARTESIAN_POINT('Ctrl Pts',(-18.2354534292107,52.4595996455681,17.9880324887587));
#1014=CARTESIAN_POINT('Ctrl Pts',(-17.9640606724449,52.4595996455681,18.2480707793936));
#1015=CARTESIAN_POINT('Ctrl Pts',(-17.686845806809,52.4595996455681,18.5019009232518));
#1016=CARTESIAN_POINT('Ctrl Pts',(-17.4042511059041,52.4595996455681,18.7491523376811));
#1017=CARTESIAN_POINT('Ctrl Pts',(-17.1213368311294,52.4595996455681,18.996683357818));
#1018=CARTESIAN_POINT('Ctrl Pts',(-16.8330308695824,52.4595996455681,19.2376205348916));
#1019=CARTESIAN_POINT('Ctrl Pts',(-16.5398073455162,52.4595996455681,19.4716346358329));
#1020=CARTESIAN_POINT('Ctrl Pts',(-16.246070999291,52.4595996455681,19.7060580068588));
#1021=CARTESIAN_POINT('Ctrl Pts',(-15.9474002231638,52.4595996455681,19.9335338796871));
#1022=CARTESIAN_POINT('Ctrl Pts',(-15.6442970234175,52.4595996455681,20.1537771253196));
#1023=CARTESIAN_POINT('Ctrl Pts',(-15.3404766878579,52.4595996455681,20.3745414618518));
#1024=CARTESIAN_POINT('Ctrl Pts',(-15.0322032983598,52.4595996455681,20.5880387647359));
#1025=CARTESIAN_POINT('Ctrl Pts',(-14.7200025259685,52.4595996455681,20.7940303552377));
#1026=CARTESIAN_POINT('Ctrl Pts',(-14.4068708468545,52.4595996455681,21.00063616253));
#1027=CARTESIAN_POINT('Ctrl Pts',(-14.0897887119402,52.4595996455681,21.1996913346697));
#1028=CARTESIAN_POINT('Ctrl Pts',(-13.7693010372299,52.4595996455681,21.3910055571899));
#1029=CARTESIAN_POINT('Ctrl Pts',(-13.4476609053997,52.4595996455681,21.5830077357697));
#1030=CARTESIAN_POINT('Ctrl Pts',(-13.1225910890779,52.4595996455681,21.767213144139));
#1031=CARTESIAN_POINT('Ctrl Pts',(-12.7946511754298,52.4595996455681,21.943481295753));
#1032=CARTESIAN_POINT('Ctrl Pts',(-12.4653312046799,52.4595996455681,22.1204912299447));
#1033=CARTESIAN_POINT('Ctrl Pts',(-12.1331173238154,52.4595996455681,22.2894969621615));
#1034=CARTESIAN_POINT('Ctrl Pts',(-11.7985791135609,52.4595996455681,22.4504088349254));
#1035=CARTESIAN_POINT('Ctrl Pts',(-11.4624289606645,52.4595996455681,22.6120960472509));
#1036=CARTESIAN_POINT('Ctrl Pts',(-11.1239324162266,52.4595996455681,22.7656112602416));
#1037=CARTESIAN_POINT('Ctrl Pts',(-10.7836643241528,52.4595996455681,22.9109161780892));
#1038=CARTESIAN_POINT('Ctrl Pts',(-10.4415498982599,52.4595996455681,23.0570095371399));
#1039=CARTESIAN_POINT('Ctrl Pts',(-10.0976450291016,52.4595996455681,23.194803353127));
#1040=CARTESIAN_POINT('Ctrl Pts',(-9.75252509166273,52.4595996455681,23.3243107560962));
#1041=CARTESIAN_POINT('Ctrl Pts',(-9.40532370124271,52.4595996455681,23.4545992312108));
#1042=CARTESIAN_POINT('Ctrl Pts',(-9.05689290887064,52.4595996455681,23.5765011783487));
#1043=CARTESIAN_POINT('Ctrl Pts',(-8.70780393705056,52.4595996455681,23.6900807553524));
#1044=CARTESIAN_POINT('Ctrl Pts',(-8.35639942265961,52.4595996455681,23.8044137172148));
#1045=CARTESIAN_POINT('Ctrl Pts',(-8.00432831504286,52.4595996455681,23.9103137179525));
#1046=CARTESIAN_POINT('Ctrl Pts',(-7.65215309791574,52.4595996455681,24.007895094927));
#1047=CARTESIAN_POINT('Ctrl Pts',(-7.2974309984495,52.4595996455681,24.1061821668895));
#1048=CARTESIAN_POINT('Ctrl Pts',(-6.94260359978696,52.4595996455681,24.1960300827317));
#1049=CARTESIAN_POINT('Ctrl Pts',(-6.58822020422038,52.4595996455681,24.2776020783823));
#1050=CARTESIAN_POINT('Ctrl Pts',(-6.23106300292707,52.4595996455681,24.3598125488359));
#1051=CARTESIAN_POINT('Ctrl Pts',(-5.87435707441643,52.4595996455681,24.4336172955189));
#1052=CARTESIAN_POINT('Ctrl Pts',(-5.51863428406339,52.4595996455681,24.4992267619616));
#1053=CARTESIAN_POINT('Ctrl Pts',(-5.15991677856381,52.4595996455681,24.5653885732871));
#1054=CARTESIAN_POINT('Ctrl Pts',(-4.80219929273534,52.4595996455681,24.6232168253623));
#1055=CARTESIAN_POINT('Ctrl Pts',(-4.44599222660228,52.4595996455681,24.6729670956155));
#1056=CARTESIAN_POINT('Ctrl Pts',(-4.08657706445914,52.4595996455681,24.723165430095));
#1057=CARTESIAN_POINT('Ctrl Pts',(-3.72869987252495,52.4595996455681,24.7651399384656));
#1058=CARTESIAN_POINT('Ctrl Pts',(-3.37284581996915,52.4595996455681,24.7991889069337));
#1059=CARTESIAN_POINT('Ctrl Pts',(-3.01357923808837,52.4595996455681,24.8335643943849));
#1060=CARTESIAN_POINT('Ctrl Pts',(-2.65637496614346,52.4595996455681,24.8598619443735));
#1061=CARTESIAN_POINT('Ctrl Pts',(-2.30168947127699,52.4595996455681,24.8784198100984));
#1062=CARTESIAN_POINT('Ctrl Pts',(-1.94339727374071,52.4595996455681,24.8971663858349));
#1063=CARTESIAN_POINT('Ctrl Pts',(-1.58767547967138,52.4595996455681,24.9080154268257));
#1064=CARTESIAN_POINT('Ctrl Pts',(-1.23494870397033,52.4595996455681,24.9113421323226));
#1065=CARTESIAN_POINT('Ctrl Pts',(-1.18859150381639,52.4595996455681,24.9117793453816));
#1066=CARTESIAN_POINT('Ctrl Pts',(-1.14228596945653,52.4595996455681,24.9120866608671));
#1067=CARTESIAN_POINT('Ctrl Pts',(-1.09603300485192,52.4595996455681,24.9122649590339));
#1068=CARTESIAN_POINT('Ctrl Pts',(-1.07542823791717,52.4595996455681,24.9123443872869));
#1069=CARTESIAN_POINT('Ctrl Pts',(-1.05483390338936,52.4595996455681,24.912398211829));
#1070=CARTESIAN_POINT('Ctrl Pts',(-1.03425008029291,52.4595996455681,24.9124265108626));
#1071=CARTESIAN_POINT('Ctrl Pts',(-1.01264320625812,52.4595996455681,24.9124562164061));
#1072=CARTESIAN_POINT('Ctrl Pts',(-0.991054336471182,52.4595996455681,24.9124578173814));
#1073=CARTESIAN_POINT('Ctrl Pts',(-0.969448784607761,52.4595996455681,24.9124313215384));
#1074=CARTESIAN_POINT('Ctrl Pts',(-0.602586026324118,52.4595996455681,24.9119814215265));
#1075=CARTESIAN_POINT('Ctrl Pts',(-0.232377756905701,52.4595996455681,24.9034215559708));
#1076=CARTESIAN_POINT('Ctrl Pts',(0.140702584488894,52.4595996455681,24.8863208478246));
#1077=CARTESIAN_POINT('Ctrl Pts',(0.502124165214907,52.4595996455681,24.869754536808));
#1078=CARTESIAN_POINT('Ctrl Pts',(0.866240792453101,52.4595996455681,24.8451725442875));
#1079=CARTESIAN_POINT('Ctrl Pts',(1.23257291233232,52.4595996455681,24.8122104198366));
#1080=CARTESIAN_POINT('Ctrl Pts',(1.58745715346531,52.4595996455681,24.7802783617749));
#1081=CARTESIAN_POINT('Ctrl Pts',(1.94442024885024,52.4595996455681,24.7404815161486));
#1082=CARTESIAN_POINT('Ctrl Pts',(2.30298413762338,52.4595996455681,24.6925183712342));
#1083=CARTESIAN_POINT('Ctrl Pts',(2.65746017931117,52.4595996455681,24.6451020354332));
#1084=CARTESIAN_POINT('Ctrl Pts',(3.01350049869649,52.4595996455681,24.5897042473652));
#1085=CARTESIAN_POINT('Ctrl Pts',(3.37060529753679,52.4595996455681,24.5260672970673));
#1086=CARTESIAN_POINT('Ctrl Pts',(3.72483826464716,52.4595996455681,24.4629421142215));
#1087=CARTESIAN_POINT('Ctrl Pts',(4.08011841748226,52.4595996455681,24.3917094713704));
#1088=CARTESIAN_POINT('Ctrl Pts',(4.43592383167672,52.4595996455681,24.3121553923822));
#1089=CARTESIAN_POINT('Ctrl Pts',(4.78907342313985,52.4595996455681,24.2331951254129));
#1090=CARTESIAN_POINT('Ctrl Pts',(5.1427401887365,52.4595996455681,24.1460369307843));
#1091=CARTESIAN_POINT('Ctrl Pts',(5.49638392635186,52.4595996455681,24.0505127514689));
#1092=CARTESIAN_POINT('Ctrl Pts',(5.84759345573184,52.4595996455681,23.9556460862537));
#1093=CARTESIAN_POINT('Ctrl Pts',(6.19877996776224,52.4595996455681,23.8525279883407));
#1094=CARTESIAN_POINT('Ctrl Pts',(6.54938907631154,52.4595996455681,23.7410381470903));
#1095=CARTESIAN_POINT('Ctrl Pts',(6.89778965864172,52.4595996455681,23.6302505928929));
#1096=CARTESIAN_POINT('Ctrl Pts',(7.24561975738619,52.4595996455681,23.5111962476667));
#1097=CARTESIAN_POINT('Ctrl Pts',(7.59231510527892,52.4595996455681,23.3838039860653));
#1098=CARTESIAN_POINT('Ctrl Pts',(7.93703007108316,52.4595996455681,23.2571394104702));
#1099=CARTESIAN_POINT('Ctrl Pts',(8.28062285969966,52.4595996455681,23.1222317571814));
#1100=CARTESIAN_POINT('Ctrl Pts',(8.62252379445482,52.4595996455681,22.9790601102891));
#1101=CARTESIAN_POINT('Ctrl Pts',(8.96267329496468,52.4595996455681,22.8366218797166));
#1102=CARTESIAN_POINT('Ctrl Pts',(9.30114786098815,52.4595996455681,22.6860040040677));
#1103=CARTESIAN_POINT('Ctrl Pts',(9.63737700310097,52.4595996455681,22.5272363644773));
#1104=CARTESIAN_POINT('Ctrl Pts',(9.97208276670472,52.4595996455681,22.3691880653003));
#1105=CARTESIAN_POINT('Ctrl Pts',(10.3045630263032,52.4595996455681,22.2030636279121));
#1106=CARTESIAN_POINT('Ctrl Pts',(10.6342511543631,52.4595996455681,22.0289438649321));
#1107=CARTESIAN_POINT('Ctrl Pts',(10.9626413508271,52.4595996455681,21.8555095847542));
#1108=CARTESIAN_POINT('Ctrl Pts',(11.288260970205,52.4595996455681,21.6741427977592));
#1109=CARTESIAN_POINT('Ctrl Pts',(11.6105519501687,52.4595996455681,21.4849749182824));
#1110=CARTESIAN_POINT('Ctrl Pts',(11.9317661162499,52.4595996455681,21.2964390720036));
#1111=CARTESIAN_POINT('Ctrl Pts',(12.2496734620839,52.4595996455681,21.1001542119869));
#1112=CARTESIAN_POINT('Ctrl Pts',(12.5637291715959,52.4595996455681,20.8963015552209));
#1113=CARTESIAN_POINT('Ctrl Pts',(12.8769231494024,52.4595996455681,20.6930082460238));
#1114=CARTESIAN_POINT('Ctrl Pts',(13.1862862184079,52.4595996455681,20.4821886973063));
#1115=CARTESIAN_POINT('Ctrl Pts',(13.4912914157968,52.4595996455681,20.2640726614761));
#1116=CARTESIAN_POINT('Ctrl Pts',(13.7956422537216,52.4595996455681,20.0464245727286));
#1117=CARTESIAN_POINT('Ctrl Pts',(14.0956535304229,52.4595996455681,19.8215114010486));
#1118=CARTESIAN_POINT('Ctrl Pts',(14.39082061754,52.4595996455681,19.5896097063172));
#1119=CARTESIAN_POINT('Ctrl Pts',(14.6855313828514,52.4595996455681,19.3580665264904));
#1120=CARTESIAN_POINT('Ctrl Pts',(14.975412574441,52.4595996455681,19.1195565893576));
#1121=CARTESIAN_POINT('Ctrl Pts',(15.2599862028801,52.4595996455681,18.8744010874327));
#1122=CARTESIAN_POINT('Ctrl Pts',(15.5442906551356,52.4595996455681,18.629477476364));
#1123=CARTESIAN_POINT('Ctrl Pts',(15.8232972529521,52.4595996455681,18.3779210826395));
#1124=CARTESIAN_POINT('Ctrl Pts',(16.0965587244076,52.4595996455681,18.1200951297175));
#1125=CARTESIAN_POINT('Ctrl Pts',(16.3697257997982,52.4595996455681,17.8623582407797));
#1126=CARTESIAN_POINT('Ctrl Pts',(16.6371514184675,52.4595996455681,17.5983563782131));
#1127=CARTESIAN_POINT('Ctrl Pts',(16.8984228320552,52.4595996455681,17.3284917939241));
#1128=CARTESIAN_POINT('Ctrl Pts',(17.1597608905808,52.4595996455681,17.058558372757));
#1129=CARTESIAN_POINT('Ctrl Pts',(17.4149413382249,52.4595996455681,16.7827595281816));
#1130=CARTESIAN_POINT('Ctrl Pts',(17.6635894404749,52.4595996455681,16.5015331689065));
#1131=CARTESIAN_POINT('Ctrl Pts',(17.9124502304496,52.4595996455681,16.2200662552338));
#1132=CARTESIAN_POINT('Ctrl Pts',(18.1547672665095,52.4595996455681,15.9331628577715));
#1133=CARTESIAN_POINT('Ctrl Pts',(18.3902069633698,52.4595996455681,15.6412928380238));
#1134=CARTESIAN_POINT('Ctrl Pts',(18.6262880291167,52.4595996455681,15.3486277257233));
#1135=CARTESIAN_POINT('Ctrl Pts',(18.8554540369342,52.4595996455681,15.0509692363466));
#1136=CARTESIAN_POINT('Ctrl Pts',(19.0774142240672,52.4595996455681,14.7488170984101));
#1137=CARTESIAN_POINT('Ctrl Pts',(19.2998713181545,52.4595996455681,14.4459885261068));
#1138=CARTESIAN_POINT('Ctrl Pts',(19.5150901453026,52.4595996455681,14.1386465301867));
#1139=CARTESIAN_POINT('Ctrl Pts',(19.722826274925,52.4595996455681,13.8273149565057));
#1140=CARTESIAN_POINT('Ctrl Pts',(19.9311441912381,52.4595996455681,13.5151114662917));
#1141=CARTESIAN_POINT('Ctrl Pts',(20.13193733898,52.4595996455681,13.1988964031619));
#1142=CARTESIAN_POINT('Ctrl Pts',(20.325009600191,52.4595996455681,12.879213224374));
#1143=CARTESIAN_POINT('Ctrl Pts',(20.5187308222203,52.4595996455681,12.5584555159981));
#1144=CARTESIAN_POINT('Ctrl Pts',(20.7046791146304,52.4595996455681,12.234206730091));
#1145=CARTESIAN_POINT('Ctrl Pts',(20.882708174317,52.4595996455681,11.9070252659852));
#1146=CARTESIAN_POINT('Ctrl Pts',(21.0614351663667,52.4595996455681,11.5785611431223));
#1147=CARTESIAN_POINT('Ctrl Pts',(21.232180707887,52.4595996455681,11.2471416972755));
#1148=CARTESIAN_POINT('Ctrl Pts',(21.3948493215577,52.4595996455681,10.9133354934161));
#1149=CARTESIAN_POINT('Ctrl Pts',(21.5582463029056,52.4595996455681,10.5780346333728));
#1150=CARTESIAN_POINT('Ctrl Pts',(21.7134939077042,52.4595996455681,10.2403259845284));
#1151=CARTESIAN_POINT('Ctrl Pts',(21.860547998296,52.4595996455681,9.90078345105746));
#1152=CARTESIAN_POINT('Ctrl Pts',(22.0083421869159,52.4595996455681,9.5595320582243));
#1153=CARTESIAN_POINT('Ctrl Pts',(22.1478602717465,52.4595996455681,9.216428656672));
#1154=CARTESIAN_POINT('Ctrl Pts',(22.2791094731781,52.4595996455681,8.87204767023479));
#1155=CARTESIAN_POINT('Ctrl Pts',(22.411091793496,52.4595996455681,8.52574307433962));
#1156=CARTESIAN_POINT('Ctrl Pts',(22.5347127336438,52.4595996455681,8.17814694766325));
#1157=CARTESIAN_POINT('Ctrl Pts',(22.6500304036327,52.4595996455681,7.8298294767114));
#1158=CARTESIAN_POINT('Ctrl Pts',(22.7664650395387,52.4595996455681,7.47813820586012));
#1159=CARTESIAN_POINT('Ctrl Pts',(22.8744349277786,52.4595996455681,7.12571191060453));
#1160=CARTESIAN_POINT('Ctrl Pts',(22.974049359668,52.4595996455681,6.77311782175162));
#1161=CARTESIAN_POINT('Ctrl Pts',(23.0743027398746,52.4595996455681,6.41826211883926));
#1162=CARTESIAN_POINT('Ctrl Pts',(23.1660933567964,52.4595996455681,6.06323678695095));
#1163=CARTESIAN_POINT('Ctrl Pts',(23.2495795974195,52.4595996455681,5.70859501765046));
#1164=CARTESIAN_POINT('Ctrl Pts',(23.3336417414739,52.4595996455681,5.35150686424777));
#1165=CARTESIAN_POINT('Ctrl Pts',(23.4092848040335,52.4595996455681,4.99480787571842));
#1166=CARTESIAN_POINT('Ctrl Pts',(23.476714287559,52.4595996455681,4.63903281000829));
#1167=CARTESIAN_POINT('Ctrl Pts',(23.5446413300186,52.4595996455681,4.28063249710381));
#1168=CARTESIAN_POINT('Ctrl Pts',(23.6042334224155,52.4595996455681,3.92317004901946));
#1169=CARTESIAN_POINT('Ctrl Pts',(23.6557407872649,52.4595996455681,3.5671576862159));
#1170=CARTESIAN_POINT('Ctrl Pts',(23.7078676510783,52.4595996455681,3.20686342526917));
#1171=CARTESIAN_POINT('Ctrl Pts',(23.7517144387207,52.4595996455681,2.84805458816141));
#1172=CARTESIAN_POINT('Ctrl Pts',(23.7875770376204,52.4595996455681,2.49122305929461));
#1173=CARTESIAN_POINT('Ctrl Pts',(23.8236983413417,52.4595996455681,2.13181742704885));
#1174=CARTESIAN_POINT('Ctrl Pts',(23.8517201982248,52.4595996455681,1.77441790471637));
#1175=CARTESIAN_POINT('Ctrl Pts',(23.8719768254902,52.4595996455681,1.41948459639735));
#1176=CARTESIAN_POINT('Ctrl Pts',(23.8924611119417,52.4595996455681,1.06056228107086));
#1177=CARTESIAN_POINT('Ctrl Pts',(23.9050049955423,52.4595996455681,0.704162079810036));
#1178=CARTESIAN_POINT('Ctrl Pts',(23.909981281488,52.4595996455681,0.350713961866487));
#1179=CARTESIAN_POINT('Ctrl Pts',(23.9116318474051,52.4595996455681,0.233480060257153));
#1180=CARTESIAN_POINT('Ctrl Pts',(23.9124500546841,52.4595996455681,0.116570554458115));
#1181=CARTESIAN_POINT('Ctrl Pts',(23.9124500546841,52.4595996455681,0.));
#1182=CARTESIAN_POINT('Origin',(-1.,0.,0.));
#1183=CARTESIAN_POINT('Ctrl Pts',(23.9124500546841,52.4595996455681,0.));
#1184=CARTESIAN_POINT('Ctrl Pts',(23.9124500546841,52.4595996455681,3.72723913268485));
#1185=CARTESIAN_POINT('Ctrl Pts',(22.2107078805047,52.4595996455682,11.1716701548366));
#1186=CARTESIAN_POINT('Ctrl Pts',(14.273426311849,52.4595996455691,21.1535764155962));
#1187=CARTESIAN_POINT('Ctrl Pts',(3.40216067484568,52.459599645569,25.4218333206531));
#1188=CARTESIAN_POINT('Ctrl Pts',(-6.62980219646921,52.4595996455685,24.6469450394599));
#1189=CARTESIAN_POINT('Ctrl Pts',(-13.6431132428693,52.4595996455685,21.9012778109273));
#1190=CARTESIAN_POINT('Ctrl Pts',(-19.5370279517722,52.459599645568,17.1987484609769));
#1191=CARTESIAN_POINT('Ctrl Pts',(-23.7830894941234,52.4595996455699,10.9724744295041));
#1192=CARTESIAN_POINT('Ctrl Pts',(-26.004191362934,52.4595996455694,3.77027264995812));
#1193=CARTESIAN_POINT('Ctrl Pts',(-26.0060077082382,52.4595996455682,-3.77156640100407));
#1194=CARTESIAN_POINT('Ctrl Pts',(-23.779027957062,52.4595996455684,-10.966745118536));
#1195=CARTESIAN_POINT('Ctrl Pts',(-18.1315741521095,52.4595996455682,-19.2912643291329));
#1196=CARTESIAN_POINT('Ctrl Pts',(-8.01676198891042,52.4595996455685,-25.1298185263184));
#1197=CARTESIAN_POINT('Ctrl Pts',(4.73743026455325,52.4595996455691,-25.1128635235033));
#1198=CARTESIAN_POINT('Ctrl Pts',(15.0621600569906,52.4595996455698,-20.1468697365378));
#1199=CARTESIAN_POINT('Ctrl Pts',(22.2137429253195,52.4595996455686,-11.1771229110791));
#1200=CARTESIAN_POINT('Ctrl Pts',(23.9124500546841,52.4595996455681,-3.72723913268487));
#1201=CARTESIAN_POINT('Ctrl Pts',(23.9124500546841,52.4595996455681,-6.10622663543836E-15));
#1202=CARTESIAN_POINT('Ctrl Pts',(24.2561084810834,53.0421778678493,4.28884227375048E-17));
#1203=CARTESIAN_POINT('Ctrl Pts',(24.2561084810834,53.0421778678493,3.77877279304198));
#1204=CARTESIAN_POINT('Ctrl Pts',(22.5309162251606,53.0421778678494,11.3257380280429));
#1205=CARTESIAN_POINT('Ctrl Pts',(14.4841516661456,53.0421778678502,21.4454109790486));
#1206=CARTESIAN_POINT('Ctrl Pts',(3.46288552353231,53.0421778678502,25.7725352780419));
#1207=CARTESIAN_POINT('Ctrl Pts',(-6.70746370561606,53.0421778678497,24.9869675152268));
#1208=CARTESIAN_POINT('Ctrl Pts',(-13.8175044143036,53.0421778678497,22.2034324047243));
#1209=CARTESIAN_POINT('Ctrl Pts',(-19.7927669761581,53.0421778678493,17.436003919839));
#1210=CARTESIAN_POINT('Ctrl Pts',(-24.0973960274314,53.042177867851,11.1238460687083));
#1211=CARTESIAN_POINT('Ctrl Pts',(-26.3491352110334,53.0421778678505,3.82230093612906));
#1212=CARTESIAN_POINT('Ctrl Pts',(-26.3509754504257,53.0421778678495,-3.82362828213485));
#1213=CARTESIAN_POINT('Ctrl Pts',(-24.0932725286786,53.0421778678496,-11.1180426532775));
#1214=CARTESIAN_POINT('Ctrl Pts',(-18.3679257344628,53.0421778678495,-19.5573927831082));
#1215=CARTESIAN_POINT('Ctrl Pts',(-8.11352635264569,53.0421778678496,-25.4765129702937));
#1216=CARTESIAN_POINT('Ctrl Pts',(4.81654433900471,53.0421778678503,-25.4592994489848));
#1217=CARTESIAN_POINT('Ctrl Pts',(15.2837908260279,53.0421778678509,-20.4248162047742));
#1218=CARTESIAN_POINT('Ctrl Pts',(22.5339738844328,53.0421778678498,-11.3312669902055));
#1219=CARTESIAN_POINT('Ctrl Pts',(24.2561084810834,53.0421778678493,-3.77877279304198));
#1220=CARTESIAN_POINT('Ctrl Pts',(24.2561084810834,53.0421778678493,-6.19623028461147E-15));
#1221=CARTESIAN_POINT('Ctrl Pts',(24.6185103149643,53.9709225588303,1.23020558646041E-16));
#1222=CARTESIAN_POINT('Ctrl Pts',(24.6185103149643,53.9709225588303,3.8328793677781));
#1223=CARTESIAN_POINT('Ctrl Pts',(22.8685387991225,53.9709225588304,11.4882924302518));
#1224=CARTESIAN_POINT('Ctrl Pts',(14.7063017841694,53.9709225588311,21.7531049332276));
#1225=CARTESIAN_POINT('Ctrl Pts',(3.52692518002649,53.970922558831,26.1423309309658));
#1226=CARTESIAN_POINT('Ctrl Pts',(-6.78936016547117,53.9709225588306,25.345481368005));
#1227=CARTESIAN_POINT('Ctrl Pts',(-14.0014395378067,53.9709225588306,22.5219976288747));
#1228=CARTESIAN_POINT('Ctrl Pts',(-20.0623990941183,53.9709225588303,17.6861897582153));
#1229=CARTESIAN_POINT('Ctrl Pts',(-24.4288008937592,53.9709225588318,11.2834529553787));
#1230=CARTESIAN_POINT('Ctrl Pts',(-26.7128524136105,53.9709225588313,3.87712909478518));
#1231=CARTESIAN_POINT('Ctrl Pts',(-26.7147201968931,53.9709225588305,-3.87846005874009));
#1232=CARTESIAN_POINT('Ctrl Pts',(-24.424624040295,53.9709225588305,-11.2775614370695));
#1233=CARTESIAN_POINT('Ctrl Pts',(-18.6171124069507,53.9709225588305,-19.8380112648782));
#1234=CARTESIAN_POINT('Ctrl Pts',(-8.21562767305533,53.9709225588306,-25.8420406702196));
#1235=CARTESIAN_POINT('Ctrl Pts',(4.90003747844765,53.9709225588312,-25.8246042807108));
#1236=CARTESIAN_POINT('Ctrl Pts',(15.5173904256161,53.9709225588316,-20.7178664805379));
#1237=CARTESIAN_POINT('Ctrl Pts',(22.8716591948199,53.9709225588308,-11.4938997608869));
#1238=CARTESIAN_POINT('Ctrl Pts',(24.6185103149643,53.9709225588303,-3.83287936777812));
#1239=CARTESIAN_POINT('Ctrl Pts',(24.6185103149643,53.9709225588303,-6.25623826129454E-15));
#1240=CARTESIAN_POINT('Ctrl Pts',(24.7272730012203,55.5249751157045,2.8865860846019E-16));
#1241=CARTESIAN_POINT('Ctrl Pts',(24.7272730012203,55.5249751157045,3.84915243191392));
#1242=CARTESIAN_POINT('Ctrl Pts',(22.9698721724914,55.5249751157046,11.537065423466));
#1243=CARTESIAN_POINT('Ctrl Pts',(14.7729826550215,55.5249751157051,21.8454573107484));
#1244=CARTESIAN_POINT('Ctrl Pts',(3.5461441092369,55.524975115705,26.2533175801325));
#1245=CARTESIAN_POINT('Ctrl Pts',(-6.81393873822835,55.5249751157048,25.4530850708245));
#1246=CARTESIAN_POINT('Ctrl Pts',(-14.0566367015626,55.5249751157048,22.6176143525586));
#1247=CARTESIAN_POINT('Ctrl Pts',(-20.1433281466371,55.5249751157045,17.7612760218553));
#1248=CARTESIAN_POINT('Ctrl Pts',(-24.5282673547291,55.5249751157055,11.3313566060068));
#1249=CARTESIAN_POINT('Ctrl Pts',(-26.8220157414252,55.5249751157053,3.89358944851227));
#1250=CARTESIAN_POINT('Ctrl Pts',(-26.8238914476258,55.5249751157046,-3.89492615392889));
#1251=CARTESIAN_POINT('Ctrl Pts',(-24.5240727342981,55.5249751157047,-11.3254401038674));
#1252=CARTESIAN_POINT('Ctrl Pts',(-18.6919055359949,55.5249751157046,-19.9222330711578));
#1253=CARTESIAN_POINT('Ctrl Pts',(-8.24626125379747,55.5249751157048,-25.951752564909));
#1254=CARTESIAN_POINT('Ctrl Pts',(4.92508574330145,55.5249751157051,-25.9342420075305));
#1255=CARTESIAN_POINT('Ctrl Pts',(15.5875148960905,55.5249751157055,-20.8058237760806));
#1256=CARTESIAN_POINT('Ctrl Pts',(22.973005704625,55.5249751157049,-11.5426965655673));
#1257=CARTESIAN_POINT('Ctrl Pts',(24.7272730012203,55.5249751157045,-3.84915243191393));
#1258=CARTESIAN_POINT('Ctrl Pts',(24.7272730012203,55.5249751157045,-6.13265853920587E-15));
#1259=CARTESIAN_POINT('Ctrl Pts',(24.5028098555471,56.8503254244259,4.5003484921845E-16));
#1260=CARTESIAN_POINT('Ctrl Pts',(24.5028098555471,56.8503254244259,3.81564910813556));
#1261=CARTESIAN_POINT('Ctrl Pts',(22.760758618158,56.8503254244259,11.4363798954763));
#1262=CARTESIAN_POINT('Ctrl Pts',(14.6353907043978,56.8503254244262,21.6548811144471));
#1263=CARTESIAN_POINT('Ctrl Pts',(3.5064793498103,56.8503254244262,26.0242761611963));
#1264=CARTESIAN_POINT('Ctrl Pts',(-6.76321403240314,56.850325424426,25.2310320851159));
#1265=CARTESIAN_POINT('Ctrl Pts',(-13.9427103932292,56.850325424426,22.4203051886655));
#1266=CARTESIAN_POINT('Ctrl Pts',(-19.9763264633812,56.8503254244259,17.6063171848323));
#1267=CARTESIAN_POINT('Ctrl Pts',(-24.323004674652,56.8503254244265,11.2325006499995));
#1268=CARTESIAN_POINT('Ctrl Pts',(-26.5967394095941,56.8503254244263,3.8596316130119));
#1269=CARTESIAN_POINT('Ctrl Pts',(-26.5985979668181,56.850325424426,-3.86096728319152));
#1270=CARTESIAN_POINT('Ctrl Pts',(-24.3188426465615,56.850325424426,-11.2266390940828));
#1271=CARTESIAN_POINT('Ctrl Pts',(-18.5375673019076,56.8503254244259,-19.7484255454494));
#1272=CARTESIAN_POINT('Ctrl Pts',(-8.18301985534302,56.850325424426,-25.7253562021904));
#1273=CARTESIAN_POINT('Ctrl Pts',(4.87336963234409,56.8503254244262,-25.70798179849));
#1274=CARTESIAN_POINT('Ctrl Pts',(15.4428333292284,56.8503254244264,-20.6243174572638));
#1275=CARTESIAN_POINT('Ctrl Pts',(22.7638518188771,56.8503254244261,-11.4419625735628));
#1276=CARTESIAN_POINT('Ctrl Pts',(24.5028098555471,56.8503254244259,-3.81564910813557));
#1277=CARTESIAN_POINT('Ctrl Pts',(24.5028098555471,56.8503254244259,-5.88448281906739E-15));
#1278=CARTESIAN_POINT('Ctrl Pts',(23.4177345728948,58.7627687640933,7.31161353075738E-16));
#1279=CARTESIAN_POINT('Ctrl Pts',(23.4177345728948,58.7627687640933,3.65319734842038));
#1280=CARTESIAN_POINT('Ctrl Pts',(21.7497804539506,58.7627687640933,10.9498303305122));
#1281=CARTESIAN_POINT('Ctrl Pts',(13.9701167508869,58.7627687640933,20.7334990510177));
#1282=CARTESIAN_POINT('Ctrl Pts',(3.31474215773735,58.7627687640933,24.91699876726));
#1283=CARTESIAN_POINT('Ctrl Pts',(-6.51800458636259,58.7627687640933,24.157496200883));
#1284=CARTESIAN_POINT('Ctrl Pts',(-13.3920477551226,58.7627687640933,21.4663512159939));
#1285=CARTESIAN_POINT('Ctrl Pts',(-19.1689106889797,58.7627687640933,16.8572118694204));
#1286=CARTESIAN_POINT('Ctrl Pts',(-23.3306544298576,58.7627687640933,10.7545790166307));
#1287=CARTESIAN_POINT('Ctrl Pts',(-25.5076497325965,58.7627687640933,3.69539788388813));
#1288=CARTESIAN_POINT('Ctrl Pts',(-25.5094302618989,58.7627687640933,-3.69666251010264));
#1289=CARTESIAN_POINT('Ctrl Pts',(-23.3266748412042,58.7627687640933,-10.7489624045825));
#1290=CARTESIAN_POINT('Ctrl Pts',(-17.7913665548679,58.7627687640933,-18.9081725867199));
#1291=CARTESIAN_POINT('Ctrl Pts',(-7.87742839494714,58.7627687640933,-24.6307783313314));
#1292=CARTESIAN_POINT('Ctrl Pts',(4.62350236265315,58.7627687640933,-24.6141653934559));
#1293=CARTESIAN_POINT('Ctrl Pts',(14.7431822183595,58.7627687640933,-19.7467839202193));
#1294=CARTESIAN_POINT('Ctrl Pts',(21.7527594257583,58.7627687640933,-10.9551745898381));
#1295=CARTESIAN_POINT('Ctrl Pts',(23.4177345728948,58.7627687640933,-3.65319734842039));
#1296=CARTESIAN_POINT('Ctrl Pts',(23.4177345728948,58.7627687640933,-5.183759729142E-15));
#1297=CARTESIAN_POINT('Ctrl Pts',(21.4845699197772,59.8609959006916,9.75667496667418E-16));
#1298=CARTESIAN_POINT('Ctrl Pts',(21.4845699197772,59.8609959006916,3.36396595993232));
#1299=CARTESIAN_POINT('Ctrl Pts',(19.9486673508644,59.8609959006917,10.0829286716489));
#1300=CARTESIAN_POINT('Ctrl Pts',(12.7849231912846,59.8609959006915,19.0920158072132));
#1301=CARTESIAN_POINT('Ctrl Pts',(2.9731418631261,59.8609959006916,22.9443062741444));
#1302=CARTESIAN_POINT('Ctrl Pts',(-6.08114129527287,59.8609959006916,22.2449334281581));
#1303=CARTESIAN_POINT('Ctrl Pts',(-12.4109637388052,59.8609959006916,19.7668474010534));
#1304=CARTESIAN_POINT('Ctrl Pts',(-17.7304672887089,59.8609959006916,15.522617462269));
#1305=CARTESIAN_POINT('Ctrl Pts',(-21.5627238984102,59.8609959006915,9.9031329327738));
#1306=CARTESIAN_POINT('Ctrl Pts',(-23.5673654586878,59.8609959006915,3.40283039275794));
#1307=CARTESIAN_POINT('Ctrl Pts',(-23.5690050804798,59.8609959006916,-3.40399411280637));
#1308=CARTESIAN_POINT('Ctrl Pts',(-21.5590596716702,59.8609959006916,-9.89796074506905));
#1309=CARTESIAN_POINT('Ctrl Pts',(-16.4619840201995,59.8609959006916,-17.4112021877903));
#1310=CARTESIAN_POINT('Ctrl Pts',(-7.3329403028427,59.8609959006916,-22.6807450246353));
#1311=CARTESIAN_POINT('Ctrl Pts',(4.17828835963989,59.8609959006915,-22.6654485694646));
#1312=CARTESIAN_POINT('Ctrl Pts',(13.4967834147067,59.8609959006915,-18.1834194692802));
#1313=CARTESIAN_POINT('Ctrl Pts',(19.9514114357083,59.8609959006916,-10.0878497739981));
#1314=CARTESIAN_POINT('Ctrl Pts',(21.4845699197772,59.8609959006917,-3.36396595993233));
#1315=CARTESIAN_POINT('Ctrl Pts',(21.4845699197772,59.8609959006917,-4.19170242322649E-15));
#1316=CARTESIAN_POINT('Ctrl Pts',(20.0568250871508,60.,1.08163074280015E-15));
#1317=CARTESIAN_POINT('Ctrl Pts',(20.0568250871508,60.,3.15041510056986));
#1318=CARTESIAN_POINT('Ctrl Pts',(18.6184626705593,60.,9.44265397972626));
#1319=CARTESIAN_POINT('Ctrl Pts',(11.909612557278,60.,17.8797081640752));
#1320=CARTESIAN_POINT('Ctrl Pts',(2.72085115600716,60.,21.4873768477913));
#1321=CARTESIAN_POINT('Ctrl Pts',(-5.75849473867607,60.,20.8324181630389));
#1322=CARTESIAN_POINT('Ctrl Pts',(-11.6863725897797,60.,18.5116915081685));
#1323=CARTESIAN_POINT('Ctrl Pts',(-16.6681147401947,60.,14.5369510980101));
#1324=CARTESIAN_POINT('Ctrl Pts',(-20.2570247506807,59.9999999999999,9.27430013444792));
#1325=CARTESIAN_POINT('Ctrl Pts',(-22.1343728615783,60.,3.18676358957003));
#1326=CARTESIAN_POINT('Ctrl Pts',(-22.1359078048689,60.,-3.1878610649709));
#1327=CARTESIAN_POINT('Ctrl Pts',(-20.2535903154248,60.,-9.2694587694543));
#1328=CARTESIAN_POINT('Ctrl Pts',(-15.4801788722023,60.,-16.3056164569044));
#1329=CARTESIAN_POINT('Ctrl Pts',(-6.93079146168996,60.,-21.2405615094663));
#1330=CARTESIAN_POINT('Ctrl Pts',(3.84945746766676,59.9999999999999,-21.2262243968539));
#1331=CARTESIAN_POINT('Ctrl Pts',(12.5762826584718,60.,-17.0288062156405));
#1332=CARTESIAN_POINT('Ctrl Pts',(18.6210231562598,60.,-9.44726307713806));
#1333=CARTESIAN_POINT('Ctrl Pts',(20.0568250871509,60.,-3.15041510056987));
#1334=CARTESIAN_POINT('Ctrl Pts',(20.0568250871509,60.,-3.53363291578256E-15));
#1335=CARTESIAN_POINT('Ctrl Pts',(19.6059008515283,60.,1.11022302462516E-15));
#1336=CARTESIAN_POINT('Ctrl Pts',(19.6059008515283,60.,3.08292118396438));
#1337=CARTESIAN_POINT('Ctrl Pts',(18.1983343360298,60.,9.24045314897714));
#1338=CARTESIAN_POINT('Ctrl Pts',(11.6331495920418,60.,17.4968137344268));
#1339=CARTESIAN_POINT('Ctrl Pts',(2.64117082821055,60.,21.0272283825805));
#1340=CARTESIAN_POINT('Ctrl Pts',(-5.65659321421699,60.,20.3862929844868));
#1341=CARTESIAN_POINT('Ctrl Pts',(-11.4575317708757,60.,18.1152619715496));
#1342=CARTESIAN_POINT('Ctrl Pts',(-16.3325810676098,60.,14.2256464048838));
#1343=CARTESIAN_POINT('Ctrl Pts',(-19.8446372065747,60.,9.07569186065628));
#1344=CARTESIAN_POINT('Ctrl Pts',(-21.6817830830094,60.,3.11851561117985));
#1345=CARTESIAN_POINT('Ctrl Pts',(-21.6832854415147,60.,-3.11958571491178));
#1346=CARTESIAN_POINT('Ctrl Pts',(-19.8412777766578,60.,-9.07095296048755));
#1347=CARTESIAN_POINT('Ctrl Pts',(-15.170084340725,60.,-15.9564346017424));
#1348=CARTESIAN_POINT('Ctrl Pts',(-6.8037929438851,60.0000000000001,-20.7856934116706));
#1349=CARTESIAN_POINT('Ctrl Pts',(3.74561590347153,59.9999999999999,-20.7716693752484));
#1350=CARTESIAN_POINT('Ctrl Pts',(12.2855370254325,60.,-16.6641337704046));
#1351=CARTESIAN_POINT('Ctrl Pts',(18.2008447206929,60.,-9.24496330170228));
#1352=CARTESIAN_POINT('Ctrl Pts',(19.6059008515283,60.,-3.08292118396439));
#1353=CARTESIAN_POINT('Ctrl Pts',(19.6059008515283,60.,-3.33066907387547E-15));
#1354=CARTESIAN_POINT('',(19.6059008515283,60.,1.11022302462516E-15));
#1355=CARTESIAN_POINT('Ctrl Pts',(23.9124500546841,52.4595996455681,0.));
#1356=CARTESIAN_POINT('Ctrl Pts',(24.2561084810834,53.0421778678493,4.28884227375048E-17));
#1357=CARTESIAN_POINT('Ctrl Pts',(24.6185103149643,53.9709225588303,1.23020558646041E-16));
#1358=CARTESIAN_POINT('Ctrl Pts',(24.7272730012203,55.5249751157045,2.8865860846019E-16));
#1359=CARTESIAN_POINT('Ctrl Pts',(24.5028098555471,56.8503254244259,4.5003484921845E-16));
#1360=CARTESIAN_POINT('Ctrl Pts',(23.4177345728948,58.7627687640933,7.31161353075738E-16));
#1361=CARTESIAN_POINT('Ctrl Pts',(21.4845699197772,59.8609959006916,9.75667496667418E-16));
#1362=CARTESIAN_POINT('Ctrl Pts',(20.0568250871508,60.,1.08163074280015E-15));
#1363=CARTESIAN_POINT('Ctrl Pts',(19.6059008515283,60.,1.11022302462516E-15));
#1364=CARTESIAN_POINT('Ctrl Pts',(19.6059008515283,60.,1.11022302462516E-15));
#1365=CARTESIAN_POINT('Ctrl Pts',(19.6059008515283,60.,3.08292118396438));
#1366=CARTESIAN_POINT('Ctrl Pts',(18.1983343360298,60.,9.24045314897714));
#1367=CARTESIAN_POINT('Ctrl Pts',(11.6331495920418,60.,17.4968137344268));
#1368=CARTESIAN_POINT('Ctrl Pts',(2.64117082821055,60.,21.0272283825805));
#1369=CARTESIAN_POINT('Ctrl Pts',(-5.65659321421699,60.,20.3862929844868));
#1370=CARTESIAN_POINT('Ctrl Pts',(-11.4575317708757,60.,18.1152619715496));
#1371=CARTESIAN_POINT('Ctrl Pts',(-16.3325810676098,60.,14.2256464048838));
#1372=CARTESIAN_POINT('Ctrl Pts',(-19.8446372065747,60.,9.07569186065628));
#1373=CARTESIAN_POINT('Ctrl Pts',(-21.6817830830094,60.,3.11851561117985));
#1374=CARTESIAN_POINT('Ctrl Pts',(-21.6832854415147,60.,-3.11958571491178));
#1375=CARTESIAN_POINT('Ctrl Pts',(-19.8412777766578,60.,-9.07095296048755));
#1376=CARTESIAN_POINT('Ctrl Pts',(-15.170084340725,60.,-15.9564346017424));
#1377=CARTESIAN_POINT('Ctrl Pts',(-6.8037929438851,60.0000000000001,-20.7856934116706));
#1378=CARTESIAN_POINT('Ctrl Pts',(3.74561590347153,59.9999999999999,-20.7716693752484));
#1379=CARTESIAN_POINT('Ctrl Pts',(12.2855370254325,60.,-16.6641337704046));
#1380=CARTESIAN_POINT('Ctrl Pts',(18.2008447206929,60.,-9.24496330170228));
#1381=CARTESIAN_POINT('Ctrl Pts',(19.6059008515283,60.,-3.08292118396439));
#1382=CARTESIAN_POINT('Ctrl Pts',(19.6059008515283,60.,-3.33066907387547E-15));
#1383=CARTESIAN_POINT('Origin',(29.,60.,0.));
#1384=CARTESIAN_POINT('',(-6.,60.,-6.12323399573677E-16));
#1385=CARTESIAN_POINT('Origin',(-0.999999999999996,60.,0.));
#1386=CARTESIAN_POINT('Origin',(4.,65.,0.));
#1387=CARTESIAN_POINT('',(-6.,65.,-6.12323399573677E-16));
#1388=CARTESIAN_POINT('Origin',(-0.999999999999996,65.,0.));
#1389=CARTESIAN_POINT('Origin',(-0.999999999999996,62.5,0.));
#1390=CARTESIAN_POINT('',(-6.,62.5,-6.12323399573677E-16));
#1391=CARTESIAN_POINT('Origin',(53.,7.35487589777968E-15,1.22464679914735E-16));
#1392=CARTESIAN_POINT('',(54.1180339887499,7.21795622321363E-15,1.));
#1393=CARTESIAN_POINT('',(51.8819660112501,7.49179557234573E-15,1.));
#1394=CARTESIAN_POINT('Origin',(53.,7.34788079488412E-15,1.22464679914735E-16));
#1395=CARTESIAN_POINT('',(54.1180339887499,8.50000000000001,1.));
#1396=CARTESIAN_POINT('',(54.1180339887499,7.21795622321363E-15,1.));
#1397=CARTESIAN_POINT('',(51.8819660112501,8.50000000000001,1.));
#1398=CARTESIAN_POINT('Origin',(53.,8.50000000000001,1.22464679914735E-16));
#1399=CARTESIAN_POINT('',(51.8819660112501,7.49179557234573E-15,1.));
#1400=CARTESIAN_POINT('Origin',(51.8819660112501,7.49179557234573E-15,1.));
#1401=CARTESIAN_POINT('',(52.9409830056251,7.29026220358958E-15,1.));
#1402=CARTESIAN_POINT('',(54.1180339887499,8.50000000000001,1.));
#1403=CARTESIAN_POINT('Origin',(53.,8.50000000000001,-0.25));
#1404=CARTESIAN_POINT('Ctrl Pts',(33.3940991484448,8.48716364103962E-15,
2.77555756156289E-15));
#1405=CARTESIAN_POINT('Ctrl Pts',(33.3940991484448,8.48716364103962E-15,
-3.08292118396841));
#1406=CARTESIAN_POINT('Ctrl Pts',(34.8006126825666,8.40103952616364E-15,
-9.24692497234359));
#1407=CARTESIAN_POINT('Ctrl Pts',(40.711760309368,8.03908612514115E-15,
-16.6604722887009));
#1408=CARTESIAN_POINT('Ctrl Pts',(49.2590645960741,7.51571468333849E-15,
-20.7780738252349));
#1409=CARTESIAN_POINT('Ctrl Pts',(57.684889422259,6.99978171316031E-15,
-20.7705462145266));
#1410=CARTESIAN_POINT('Ctrl Pts',(66.3988490865249,6.46620557262319E-15,
-17.3588616811918));
#1411=CARTESIAN_POINT('Ctrl Pts',(71.5165191685331,6.15283865837201E-15,
-11.8611860755358));
#1412=CARTESIAN_POINT('Ctrl Pts',(73.7613493340429,6.01538245453097E-15,
-6.09570135852767));
#1413=CARTESIAN_POINT('Ctrl Pts',(75.1517314925843,5.9302461015285E-15,
-0.071794542108234));
#1414=CARTESIAN_POINT('Ctrl Pts',(73.7111143141336,6.01845846234782E-15,
9.49382954053083));
#1415=CARTESIAN_POINT('Ctrl Pts',(66.3994197840663,6.46617062747733E-15,
17.3676767677902));
#1416=CARTESIAN_POINT('Ctrl Pts',(58.6540881934285,6.9404354045178E-15,
20.383477722572));
#1417=CARTESIAN_POINT('Ctrl Pts',(50.3603076265606,7.44828299572006E-15,
21.0288895450695));
#1418=CARTESIAN_POINT('Ctrl Pts',(41.3659523090466,7.99902841821944E-15,
17.4958154116863));
#1419=CARTESIAN_POINT('Ctrl Pts',(34.8021644459122,8.40094450806292E-15,
9.24096182845769));
#1420=CARTESIAN_POINT('Ctrl Pts',(33.3940991484448,8.48716364103962E-15,
3.08292118396841));
#1421=CARTESIAN_POINT('Ctrl Pts',(33.3940991484448,8.48716364103962E-15,
5.55111512312578E-15));
#1422=CARTESIAN_POINT('Ctrl Pts',(32.7177127950112,8.68920607677285E-15,
2.81844598430045E-15));
#1423=CARTESIAN_POINT('Ctrl Pts',(32.7177127950112,8.70048109940338E-15,
-3.18403129103948));
#1424=CARTESIAN_POINT('Ctrl Pts',(34.1703941074989,1.38420992571947E-14,
-9.55048664924785));
#1425=CARTESIAN_POINT('Ctrl Pts',(40.2756317442211,4.35300302691596E-14,
-17.2073218604632));
#1426=CARTESIAN_POINT('Ctrl Pts',(49.1034008529766,4.57891186245981E-14,
-21.4601149001276));
#1427=CARTESIAN_POINT('Ctrl Pts',(57.8059009331432,3.22744757859062E-14,
-21.4522818681716));
#1428=CARTESIAN_POINT('Ctrl Pts',(66.8057816030615,-2.52979980346654E-15,
-17.9287016566634));
#1429=CARTESIAN_POINT('Ctrl Pts',(72.0915039777666,7.03307406317631E-14,
-12.2504597976872));
#1430=CARTESIAN_POINT('Ctrl Pts',(74.4100040763632,9.13567735603505E-14,
-6.29578183680475));
#1431=CARTESIAN_POINT('Ctrl Pts',(75.8460101056046,2.78999494316083E-14,
-0.0741836276268204));
#1432=CARTESIAN_POINT('Ctrl Pts',(74.3581162416681,1.20145118569299E-14,
9.80547345462685));
#1433=CARTESIAN_POINT('Ctrl Pts',(66.8064160354113,1.73544819146284E-14,
17.9377463264451));
#1434=CARTESIAN_POINT('Ctrl Pts',(58.8068560846374,2.66738549385272E-14,
21.0525463365947));
#1435=CARTESIAN_POINT('Ctrl Pts',(50.240833815759,3.3854412141306E-14,21.7191449847642));
#1436=CARTESIAN_POINT('Ctrl Pts',(40.9512677641171,8.91386391130942E-14,
18.0700934995778));
#1437=CARTESIAN_POINT('Ctrl Pts',(34.1720171277942,2.93535152209E-14,9.54432389337095));
#1438=CARTESIAN_POINT('Ctrl Pts',(32.7177127950112,8.63419301559995E-15,
3.18403129103948));
#1439=CARTESIAN_POINT('Ctrl Pts',(32.7177127950112,8.6463176540353E-15,
5.37815249760973E-15));
#1440=CARTESIAN_POINT('Ctrl Pts',(31.7336270417547,0.159750131379123,2.89858089113839E-15));
#1441=CARTESIAN_POINT('Ctrl Pts',(31.7336270417547,0.159750131379123,-3.33085445855753));
#1442=CARTESIAN_POINT('Ctrl Pts',(33.2534757727564,0.159750131379132,-9.99224994816493));
#1443=CARTESIAN_POINT('Ctrl Pts',(39.6412860857176,0.159750131379186,-18.0028487543107));
#1444=CARTESIAN_POINT('Ctrl Pts',(48.8767817327628,0.15975013137919,-22.4524381811339));
#1445=CARTESIAN_POINT('Ctrl Pts',(57.982144492506,0.159750131379167,-22.4439693910527));
#1446=CARTESIAN_POINT('Ctrl Pts',(67.3976432001432,0.159750131379105,-18.7578937524538));
#1447=CARTESIAN_POINT('Ctrl Pts',(72.9280820993019,0.159750131379235,-12.8165962872692));
#1448=CARTESIAN_POINT('Ctrl Pts',(75.3537121192619,0.159750131379274,-6.58684869670133));
#1449=CARTESIAN_POINT('Ctrl Pts',(76.8560469847584,0.15975013137916,-0.0777659878542248));
#1450=CARTESIAN_POINT('Ctrl Pts',(75.2994069240616,0.159750131379131,10.258922307357));
#1451=CARTESIAN_POINT('Ctrl Pts',(67.3985180278691,0.15975013137914,18.7670763167798));
#1452=CARTESIAN_POINT('Ctrl Pts',(59.0291139859611,0.159750131379157,22.0259305068874));
#1453=CARTESIAN_POINT('Ctrl Pts',(50.0670050426841,0.159750131379169,22.7233583412734));
#1454=CARTESIAN_POINT('Ctrl Pts',(40.3480237213194,0.159750131379269,18.9055544007525));
#1455=CARTESIAN_POINT('Ctrl Pts',(33.2552691446847,0.15975013137916,9.98578406654036));
#1456=CARTESIAN_POINT('Ctrl Pts',(31.7336270417547,0.159750131379123,3.33085445855754));
#1457=CARTESIAN_POINT('Ctrl Pts',(31.7336270417547,0.159750131379123,5.09103464273771E-15));
#1458=CARTESIAN_POINT('Ctrl Pts',(30.3398510878363,0.855651538255871,3.06421825406378E-15));
#1459=CARTESIAN_POINT('Ctrl Pts',(30.3398510878363,0.855651538255871,-3.53977870225938));
#1460=CARTESIAN_POINT('Ctrl Pts',(31.9548398888983,0.85565153825587,-10.6175600134264));
#1461=CARTESIAN_POINT('Ctrl Pts',(38.742215463679,0.855651538255887,-19.1298882205867));
#1462=CARTESIAN_POINT('Ctrl Pts',(48.5563041457973,0.855651538255887,-23.8578453428919));
#1463=CARTESIAN_POINT('Ctrl Pts',(58.2311348047724,0.855651538255881,-23.8491349887857));
#1464=CARTESIAN_POINT('Ctrl Pts',(68.2365644828073,0.855651538255869,-19.9318699186411));
#1465=CARTESIAN_POINT('Ctrl Pts',(74.1128609697236,0.855651538255897,-13.6191964177405));
#1466=CARTESIAN_POINT('Ctrl Pts',(76.6904055859747,0.855651538255908,-6.99920672791793));
#1467=CARTESIAN_POINT('Ctrl Pts',(78.2868554525095,0.855651538255877,-0.0824733260109862));
#1468=CARTESIAN_POINT('Ctrl Pts',(76.6327202020995,0.855651538255874,10.9010355746234));
#1469=CARTESIAN_POINT('Ctrl Pts',(68.237271451505,0.855651538255873,19.9419229524051));
#1470=CARTESIAN_POINT('Ctrl Pts',(59.3439241790621,0.855651538255877,23.4047385717286));
#1471=CARTESIAN_POINT('Ctrl Pts',(49.8208235853233,0.855651538255878,24.1458160747873));
#1472=CARTESIAN_POINT('Ctrl Pts',(39.4933389423685,0.855651538255912,20.0890573117468));
#1473=CARTESIAN_POINT('Ctrl Pts',(31.9566449943417,0.855651538255882,10.6107085531107));
#1474=CARTESIAN_POINT('Ctrl Pts',(30.3398510878363,0.85565153825587,3.53977870225938));
#1475=CARTESIAN_POINT('Ctrl Pts',(30.3398510878363,0.85565153825587,4.58010306377656E-15));
#1476=CARTESIAN_POINT('Ctrl Pts',(29.3123545138121,1.72237150216259,3.2255951803025E-15));
#1477=CARTESIAN_POINT('Ctrl Pts',(29.3123545138121,1.72237150216259,-3.69330851786044));
#1478=CARTESIAN_POINT('Ctrl Pts',(30.9974759890533,1.72237150216257,-11.0787245384685));
#1479=CARTESIAN_POINT('Ctrl Pts',(38.0797370395214,1.72237150216251,-19.9605839629863));
#1480=CARTESIAN_POINT('Ctrl Pts',(48.3198027754353,1.7223715021625,-24.8939344130304));
#1481=CARTESIAN_POINT('Ctrl Pts',(58.4150055414642,1.72237150216253,-24.8847153791213));
#1482=CARTESIAN_POINT('Ctrl Pts',(68.8546898141103,1.72237150216262,-20.7975408000201));
#1483=CARTESIAN_POINT('Ctrl Pts',(74.9863241591896,1.72237150216244,-14.2104886074018));
#1484=CARTESIAN_POINT('Ctrl Pts',(77.6757680166887,1.72237150216239,-7.30314057055263));
#1485=CARTESIAN_POINT('Ctrl Pts',(79.3415132718132,1.72237150216254,-0.0861274462735479));
#1486=CARTESIAN_POINT('Ctrl Pts',(77.6155688905649,1.72237150216258,11.3744606483909));
#1487=CARTESIAN_POINT('Ctrl Pts',(68.8555281011131,1.72237150216256,20.8078967716489));
#1488=CARTESIAN_POINT('Ctrl Pts',(59.5759918932381,1.72237150216254,24.4211059667697));
#1489=CARTESIAN_POINT('Ctrl Pts',(49.6393302474978,1.72237150216252,25.1943692789127));
#1490=CARTESIAN_POINT('Ctrl Pts',(38.86341325521,1.72237150216241,20.9614261300759));
#1491=CARTESIAN_POINT('Ctrl Pts',(30.9994049186945,1.72237150216254,11.0715668794593));
#1492=CARTESIAN_POINT('Ctrl Pts',(29.3123545138121,1.72237150216259,3.69330851786045));
#1493=CARTESIAN_POINT('Ctrl Pts',(29.3123545138121,1.72237150216259,4.12490554232069E-15));
#1494=CARTESIAN_POINT('Ctrl Pts',(28.2164601183546,3.62862653007504,3.50672066371415E-15));
#1495=CARTESIAN_POINT('Ctrl Pts',(28.2164601183546,3.62862653007504,-3.85736535606958));
#1496=CARTESIAN_POINT('Ctrl Pts',(29.9763859050502,3.62862653007497,-11.5704724917245));
#1497=CARTESIAN_POINT('Ctrl Pts',(37.3729588565469,3.62862653007467,-20.8466783419315));
#1498=CARTESIAN_POINT('Ctrl Pts',(48.0677110910292,3.62862653007464,-25.9989820519477));
#1499=CARTESIAN_POINT('Ctrl Pts',(58.6109192223451,3.62862653007477,-25.989427614457));
#1500=CARTESIAN_POINT('Ctrl Pts',(69.5141691905956,3.62862653007515,-21.7207046698745));
#1501=CARTESIAN_POINT('Ctrl Pts',(75.9179064951505,3.62862653007437,-14.8413843794699));
#1502=CARTESIAN_POINT('Ctrl Pts',(78.7267565456855,3.62862653007416,-7.62734282742583));
#1503=CARTESIAN_POINT('Ctrl Pts',(80.4664642182578,3.6286265300748,-0.0899096174469015));
#1504=CARTESIAN_POINT('Ctrl Pts',(78.66389003738,3.62862653007498,11.8793647705708));
#1505=CARTESIAN_POINT('Ctrl Pts',(69.5149877254892,3.62862653007492,21.7315960064575));
#1506=CARTESIAN_POINT('Ctrl Pts',(59.8235149525945,3.62862653007483,25.5051897384404));
#1507=CARTESIAN_POINT('Ctrl Pts',(49.4457600578168,3.62862653007475,26.3127769265399));
#1508=CARTESIAN_POINT('Ctrl Pts',(38.1914604389157,3.62862653007423,21.8919375652578));
#1509=CARTESIAN_POINT('Ctrl Pts',(29.9783747385944,3.62862653007482,11.5630020032308));
#1510=CARTESIAN_POINT('Ctrl Pts',(28.2164601183546,3.62862653007503,3.85736535606958));
#1511=CARTESIAN_POINT('Ctrl Pts',(28.2164601183546,3.62862653007503,3.42139446990031E-15));
#1512=CARTESIAN_POINT('Ctrl Pts',(28.2527496809844,5.85166610792905,3.75122658125691E-15));
#1513=CARTESIAN_POINT('Ctrl Pts',(28.2527496809844,5.85166610792905,-3.85253986731433));
#1514=CARTESIAN_POINT('Ctrl Pts',(30.0102044905749,5.85166610792893,-11.5539610030963));
#1515=CARTESIAN_POINT('Ctrl Pts',(37.3959670709453,5.85166610792836,-20.8175365732212));
#1516=CARTESIAN_POINT('Ctrl Pts',(48.0763614664378,5.8516661079283,-25.9623671690468));
#1517=CARTESIAN_POINT('Ctrl Pts',(58.6040423321488,5.85166610792855,-25.9532335492236));
#1518=CARTESIAN_POINT('Ctrl Pts',(69.4927406017877,5.85166610792926,-21.6898728238222));
#1519=CARTESIAN_POINT('Ctrl Pts',(75.8870083994986,5.85166610792779,-14.8209730251607));
#1520=CARTESIAN_POINT('Ctrl Pts',(78.6920193508338,5.85166610792738,-7.6166789893836));
#1521=CARTESIAN_POINT('Ctrl Pts',(80.4293850533344,5.85166610792861,-0.0895565235310396));
#1522=CARTESIAN_POINT('Ctrl Pts',(78.6292682556904,5.85166610792895,11.8625748096786));
#1523=CARTESIAN_POINT('Ctrl Pts',(69.4932436884227,5.85166610792883,21.7011662775584));
#1524=CARTESIAN_POINT('Ctrl Pts',(59.81533267032,5.85166610792865,25.4694087576313));
#1525=CARTESIAN_POINT('Ctrl Pts',(49.4521792497926,5.85166610792851,26.2758505191714));
#1526=CARTESIAN_POINT('Ctrl Pts',(38.213524468111,5.85166610792749,21.8612654487628));
#1527=CARTESIAN_POINT('Ctrl Pts',(30.012048604695,5.85166610792865,11.5465280747832));
#1528=CARTESIAN_POINT('Ctrl Pts',(28.2527496809844,5.85166610792904,3.85253986731434));
#1529=CARTESIAN_POINT('Ctrl Pts',(28.2527496809844,5.85166610792904,2.93706033685471E-15));
#1530=CARTESIAN_POINT('Ctrl Pts',(28.8584443276867,7.15201487290526,3.85718830436301E-15));
#1531=CARTESIAN_POINT('Ctrl Pts',(28.8584443276867,7.15201487290526,-3.76048041354441));
#1532=CARTESIAN_POINT('Ctrl Pts',(30.5745412871211,7.15201487290512,-11.282694565468));
#1533=CARTESIAN_POINT('Ctrl Pts',(37.7875038009392,7.15201487290444,-20.3273395284195));
#1534=CARTESIAN_POINT('Ctrl Pts',(48.2150002463291,7.15201487290436,-25.3516643070224));
#1535=CARTESIAN_POINT('Ctrl Pts',(58.4966510002311,7.15201487290467,-25.3417805975136));
#1536=CARTESIAN_POINT('Ctrl Pts',(69.1273151331018,7.1520148729055,-21.1802437993269));
#1537=CARTESIAN_POINT('Ctrl Pts',(75.3722413030298,7.15201487290375,-14.4711840968327));
#1538=CARTESIAN_POINT('Ctrl Pts',(78.1109947134539,7.15201487290325,-7.43733022809354));
#1539=CARTESIAN_POINT('Ctrl Pts',(79.8072369761354,7.15201487290473,-0.0879863748313912));
#1540=CARTESIAN_POINT('Ctrl Pts',(78.0496560236262,7.15201487290514,11.5836781476621));
#1541=CARTESIAN_POINT('Ctrl Pts',(69.1285508715052,7.152014872905,21.1902827557796));
#1542=CARTESIAN_POINT('Ctrl Pts',(59.6784955994356,7.15201487290479,24.8699735337922));
#1543=CARTESIAN_POINT('Ctrl Pts',(49.5591431937166,7.15201487290461,25.6574648257503));
#1544=CARTESIAN_POINT('Ctrl Pts',(38.5853361604726,7.15201487290339,21.3466552381041));
#1545=CARTESIAN_POINT('Ctrl Pts',(30.5766781915147,7.15201487290478,11.2753724298017));
#1546=CARTESIAN_POINT('Ctrl Pts',(28.8584443276867,7.15201487290526,3.76048041354441));
#1547=CARTESIAN_POINT('Ctrl Pts',(28.8584443276867,7.15201487290526,2.80321055367737E-15));
#1548=CARTESIAN_POINT('Ctrl Pts',(29.0875499452856,7.54040035442624,3.88578058618805E-15));
#1549=CARTESIAN_POINT('Ctrl Pts',(29.0875499452856,7.54040035442624,-3.72723913268938));
#1550=CARTESIAN_POINT('Ctrl Pts',(30.7880190692767,7.54040035442609,-11.1794945628797));
#1551=CARTESIAN_POINT('Ctrl Pts',(37.9345724318114,7.54040035442537,-20.1424430200963));
#1552=CARTESIAN_POINT('Ctrl Pts',(48.2682284403008,7.5404003544253,-25.1206064774037));
#1553=CARTESIAN_POINT('Ctrl Pts',(58.4550162766719,7.54040035442561,-25.1115056267715));
#1554=CARTESIAN_POINT('Ctrl Pts',(68.9901579566557,7.5404003544265,-20.9867929460967));
#1555=CARTESIAN_POINT('Ctrl Pts',(75.1774002050276,7.54040035442465,-14.3401255701056));
#1556=CARTESIAN_POINT('Ctrl Pts',(77.8913907159228,7.54040035442414,-7.3696780711872));
#1557=CARTESIAN_POINT('Ctrl Pts',(79.5723570726565,7.54040035442569,-0.0867993084775764));
#1558=CARTESIAN_POINT('Ctrl Pts',(77.8306567818195,7.54040035442611,11.4780011784147));
#1559=CARTESIAN_POINT('Ctrl Pts',(68.9908479276544,7.54040035442596,20.9974503498272));
#1560=CARTESIAN_POINT('Ctrl Pts',(59.6267736365562,7.54040035442574,24.6435413992892));
#1561=CARTESIAN_POINT('Ctrl Pts',(49.5996267709408,7.54040035442557,25.4238416593224));
#1562=CARTESIAN_POINT('Ctrl Pts',(38.7254878902332,7.54040035442428,21.1523694474736));
#1563=CARTESIAN_POINT('Ctrl Pts',(30.7898951448304,7.54040035442573,11.1722851462519));
#1564=CARTESIAN_POINT('Ctrl Pts',(29.0875499452856,7.54040035442623,3.72723913268938));
#1565=CARTESIAN_POINT('Ctrl Pts',(29.0875499452856,7.54040035442623,2.77555756156289E-15));
#1566=CARTESIAN_POINT('',(33.3940991484448,8.48716364103962E-15,5.29905261370337E-15));
#1567=CARTESIAN_POINT('',(29.0875499452856,7.54040035442625,3.05089522184243E-15));
#1568=CARTESIAN_POINT('Ctrl Pts',(33.3940991484448,8.48716364103962E-15,
2.77555756156289E-15));
#1569=CARTESIAN_POINT('Ctrl Pts',(32.7177127950112,8.68920607677285E-15,
2.81844598430045E-15));
#1570=CARTESIAN_POINT('Ctrl Pts',(31.7336270417547,0.159750131379123,2.89858089113839E-15));
#1571=CARTESIAN_POINT('Ctrl Pts',(30.3398510878363,0.855651538255871,3.06421825406378E-15));
#1572=CARTESIAN_POINT('Ctrl Pts',(29.3123545138121,1.72237150216259,3.2255951803025E-15));
#1573=CARTESIAN_POINT('Ctrl Pts',(28.2164601183546,3.62862653007504,3.50672066371415E-15));
#1574=CARTESIAN_POINT('Ctrl Pts',(28.2527496809844,5.85166610792905,3.75122658125691E-15));
#1575=CARTESIAN_POINT('Ctrl Pts',(28.8584443276867,7.15201487290526,3.85718830436301E-15));
#1576=CARTESIAN_POINT('Ctrl Pts',(29.0875499452856,7.54040035442624,3.88578058618805E-15));
#1577=CARTESIAN_POINT('Ctrl Pts',(29.0875499452856,7.54040035442624,3.88578058618805E-15));
#1578=CARTESIAN_POINT('Ctrl Pts',(29.0875499452856,7.54040035442624,-3.72723913268938));
#1579=CARTESIAN_POINT('Ctrl Pts',(30.7880190692767,7.54040035442609,-11.1794945628797));
#1580=CARTESIAN_POINT('Ctrl Pts',(37.9345724318114,7.54040035442537,-20.1424430200963));
#1581=CARTESIAN_POINT('Ctrl Pts',(48.2682284403008,7.5404003544253,-25.1206064774037));
#1582=CARTESIAN_POINT('Ctrl Pts',(58.4550162766719,7.54040035442561,-25.1115056267715));
#1583=CARTESIAN_POINT('Ctrl Pts',(68.9901579566557,7.5404003544265,-20.9867929460967));
#1584=CARTESIAN_POINT('Ctrl Pts',(75.1774002050276,7.54040035442465,-14.3401255701056));
#1585=CARTESIAN_POINT('Ctrl Pts',(77.8913907159228,7.54040035442414,-7.3696780711872));
#1586=CARTESIAN_POINT('Ctrl Pts',(79.5723570726565,7.54040035442569,-0.0867993084775764));
#1587=CARTESIAN_POINT('Ctrl Pts',(77.8306567818195,7.54040035442611,11.4780011784147));
#1588=CARTESIAN_POINT('Ctrl Pts',(68.9908479276544,7.54040035442596,20.9974503498272));
#1589=CARTESIAN_POINT('Ctrl Pts',(59.6267736365562,7.54040035442574,24.6435413992892));
#1590=CARTESIAN_POINT('Ctrl Pts',(49.5996267709408,7.54040035442557,25.4238416593224));
#1591=CARTESIAN_POINT('Ctrl Pts',(38.7254878902332,7.54040035442428,21.1523694474736));
#1592=CARTESIAN_POINT('Ctrl Pts',(30.7898951448304,7.54040035442573,11.1722851462519));
#1593=CARTESIAN_POINT('Ctrl Pts',(29.0875499452856,7.54040035442623,3.72723913268938));
#1594=CARTESIAN_POINT('Ctrl Pts',(29.0875499452856,7.54040035442623,2.77555756156289E-15));
#1595=CARTESIAN_POINT('Ctrl Pts',(33.3940991484448,8.48716364103962E-15,
5.55111512312578E-15));
#1596=CARTESIAN_POINT('Ctrl Pts',(33.3940991484448,8.48716364103962E-15,
3.08292118396841));
#1597=CARTESIAN_POINT('Ctrl Pts',(34.8021644459122,8.40094450806292E-15,
9.24096182845769));
#1598=CARTESIAN_POINT('Ctrl Pts',(41.3659523090466,7.99902841821944E-15,
17.4958154116863));
#1599=CARTESIAN_POINT('Ctrl Pts',(50.3603076265606,7.44828299572006E-15,
21.0288895450695));
#1600=CARTESIAN_POINT('Ctrl Pts',(58.6540881934285,6.9404354045178E-15,
20.383477722572));
#1601=CARTESIAN_POINT('Ctrl Pts',(66.3994197840663,6.46617062747733E-15,
17.3676767677902));
#1602=CARTESIAN_POINT('Ctrl Pts',(73.7111143141336,6.01845846234782E-15,
9.49382954053083));
#1603=CARTESIAN_POINT('Ctrl Pts',(75.1517314925843,5.9302461015285E-15,
-0.071794542108234));
#1604=CARTESIAN_POINT('Ctrl Pts',(73.7613493340429,6.01538245453097E-15,
-6.09570135852767));
#1605=CARTESIAN_POINT('Ctrl Pts',(71.5165191685331,6.15283865837201E-15,
-11.8611860755358));
#1606=CARTESIAN_POINT('Ctrl Pts',(66.3988490865249,6.46620557262319E-15,
-17.3588616811918));
#1607=CARTESIAN_POINT('Ctrl Pts',(57.684889422259,6.99978171316031E-15,
-20.7705462145266));
#1608=CARTESIAN_POINT('Ctrl Pts',(49.2590645960741,7.51571468333849E-15,
-20.7780738252349));
#1609=CARTESIAN_POINT('Ctrl Pts',(40.711760309368,8.03908612514115E-15,
-16.6604722887009));
#1610=CARTESIAN_POINT('Ctrl Pts',(34.8006126825666,8.40103952616364E-15,
-9.24692497234359));
#1611=CARTESIAN_POINT('Ctrl Pts',(33.3940991484448,8.48716364103962E-15,
-3.08292118396841));
#1612=CARTESIAN_POINT('Ctrl Pts',(33.3940991484448,8.48716364103962E-15,
2.77555756156289E-15));
#1613=CARTESIAN_POINT('Ctrl Pts',(24.,9.06238631369041E-15,3.67394039744206E-15));
#1614=CARTESIAN_POINT('Ctrl Pts',(24.,9.06238631369041E-15,-30.));
#1615=CARTESIAN_POINT('Ctrl Pts',(54.,7.22541611496938E-15,-30.));
#1616=CARTESIAN_POINT('Ctrl Pts',(84.,5.38844591624836E-15,-30.));
#1617=CARTESIAN_POINT('Ctrl Pts',(84.,5.38844591624835E-15,-3.67394039744206E-15));
#1618=CARTESIAN_POINT('Ctrl Pts',(84.,5.38844591624836E-15,30.));
#1619=CARTESIAN_POINT('Ctrl Pts',(54.,7.22541611496938E-15,30.));
#1620=CARTESIAN_POINT('Ctrl Pts',(24.,9.06238631369041E-15,30.));
#1621=CARTESIAN_POINT('Ctrl Pts',(24.,9.06238631369041E-15,3.67394039744206E-15));
#1622=CARTESIAN_POINT('Ctrl Pts',(24.9101713103324,1.19999999999956,3.56247655925463E-15));
#1623=CARTESIAN_POINT('Ctrl Pts',(24.9101713103324,1.19999999999956,-29.0898286896677));
#1624=CARTESIAN_POINT('Ctrl Pts',(54.,1.19999999999956,-29.0898286896677));
#1625=CARTESIAN_POINT('Ctrl Pts',(83.0898286896677,1.19999999999956,-29.0898286896677));
#1626=CARTESIAN_POINT('Ctrl Pts',(83.0898286896677,1.19999999999956,-3.56247655925463E-15));
#1627=CARTESIAN_POINT('Ctrl Pts',(83.0898286896677,1.19999999999956,29.0898286896677));
#1628=CARTESIAN_POINT('Ctrl Pts',(54.,1.19999999999956,29.0898286896677));
#1629=CARTESIAN_POINT('Ctrl Pts',(24.9101713103324,1.19999999999956,29.0898286896677));
#1630=CARTESIAN_POINT('Ctrl Pts',(24.9101713103324,1.19999999999956,3.56247655925463E-15));
#1631=CARTESIAN_POINT('Ctrl Pts',(26.6510291041924,3.59999999999876,3.34928296675249E-15));
#1632=CARTESIAN_POINT('Ctrl Pts',(26.6510291041924,3.59999999999876,-27.3489708958076));
#1633=CARTESIAN_POINT('Ctrl Pts',(54.,3.59999999999876,-27.3489708958076));
#1634=CARTESIAN_POINT('Ctrl Pts',(81.3489708958076,3.59999999999875,-27.3489708958076));
#1635=CARTESIAN_POINT('Ctrl Pts',(81.3489708958076,3.59999999999875,-3.34928296675249E-15));
#1636=CARTESIAN_POINT('Ctrl Pts',(81.3489708958076,3.59999999999875,27.3489708958076));
#1637=CARTESIAN_POINT('Ctrl Pts',(54.,3.59999999999876,27.3489708958076));
#1638=CARTESIAN_POINT('Ctrl Pts',(26.6510291041924,3.59999999999876,27.3489708958076));
#1639=CARTESIAN_POINT('Ctrl Pts',(26.6510291041924,3.59999999999876,3.34928296675249E-15));
#1640=CARTESIAN_POINT('Ctrl Pts',(29.0238686222615,7.19999999999782,3.05869393468312E-15));
#1641=CARTESIAN_POINT('Ctrl Pts',(29.0238686222615,7.19999999999782,-24.9761313777385));
#1642=CARTESIAN_POINT('Ctrl Pts',(54.,7.19999999999782,-24.9761313777385));
#1643=CARTESIAN_POINT('Ctrl Pts',(78.9761313777385,7.19999999999782,-24.9761313777385));
#1644=CARTESIAN_POINT('Ctrl Pts',(78.9761313777385,7.19999999999782,-3.05869393468312E-15));
#1645=CARTESIAN_POINT('Ctrl Pts',(78.9761313777385,7.19999999999782,24.9761313777385));
#1646=CARTESIAN_POINT('Ctrl Pts',(54.,7.19999999999782,24.9761313777385));
#1647=CARTESIAN_POINT('Ctrl Pts',(29.0238686222615,7.19999999999782,24.9761313777385));
#1648=CARTESIAN_POINT('Ctrl Pts',(29.0238686222615,7.19999999999782,3.05869393468312E-15));
#1649=CARTESIAN_POINT('Ctrl Pts',(31.7028513146387,11.9999999999971,2.73061317676403E-15));
#1650=CARTESIAN_POINT('Ctrl Pts',(31.7028513146387,11.9999999999971,-22.2971486853613));
#1651=CARTESIAN_POINT('Ctrl Pts',(54.,11.9999999999971,-22.2971486853613));
#1652=CARTESIAN_POINT('Ctrl Pts',(76.2971486853613,11.9999999999971,-22.2971486853613));
#1653=CARTESIAN_POINT('Ctrl Pts',(76.2971486853613,11.9999999999971,-2.73061317676403E-15));
#1654=CARTESIAN_POINT('Ctrl Pts',(76.2971486853613,11.9999999999971,22.2971486853613));
#1655=CARTESIAN_POINT('Ctrl Pts',(54.,11.9999999999971,22.2971486853613));
#1656=CARTESIAN_POINT('Ctrl Pts',(31.7028513146387,11.9999999999971,22.2971486853613));
#1657=CARTESIAN_POINT('Ctrl Pts',(31.7028513146387,11.9999999999971,2.73061317676403E-15));
#1658=CARTESIAN_POINT('Ctrl Pts',(34.188736673377,17.9999999999971,2.42618002200142E-15));
#1659=CARTESIAN_POINT('Ctrl Pts',(34.188736673377,17.9999999999971,-19.811263326623));
#1660=CARTESIAN_POINT('Ctrl Pts',(54.,17.9999999999971,-19.811263326623));
#1661=CARTESIAN_POINT('Ctrl Pts',(73.811263326623,17.9999999999971,-19.811263326623));
#1662=CARTESIAN_POINT('Ctrl Pts',(73.811263326623,17.9999999999971,-2.42618002200142E-15));
#1663=CARTESIAN_POINT('Ctrl Pts',(73.811263326623,17.9999999999971,19.811263326623));
#1664=CARTESIAN_POINT('Ctrl Pts',(54.,17.9999999999971,19.811263326623));
#1665=CARTESIAN_POINT('Ctrl Pts',(34.188736673377,17.9999999999971,19.811263326623));
#1666=CARTESIAN_POINT('Ctrl Pts',(34.188736673377,17.9999999999971,2.42618002200142E-15));
#1667=CARTESIAN_POINT('Ctrl Pts',(35.7346675672689,23.9999999999981,2.23685808991064E-15));
#1668=CARTESIAN_POINT('Ctrl Pts',(35.734667567269,23.9999999999981,-18.265332432731));
#1669=CARTESIAN_POINT('Ctrl Pts',(54.,23.9999999999981,-18.2653324327311));
#1670=CARTESIAN_POINT('Ctrl Pts',(72.2653324327311,23.9999999999981,-18.2653324327311));
#1671=CARTESIAN_POINT('Ctrl Pts',(72.2653324327311,23.9999999999981,-2.23685808991064E-15));
#1672=CARTESIAN_POINT('Ctrl Pts',(72.2653324327311,23.9999999999981,18.265332432731));
#1673=CARTESIAN_POINT('Ctrl Pts',(54.,23.9999999999981,18.2653324327311));
#1674=CARTESIAN_POINT('Ctrl Pts',(35.734667567269,23.9999999999981,18.2653324327311));
#1675=CARTESIAN_POINT('Ctrl Pts',(35.7346675672689,23.9999999999981,2.23685808991064E-15));
#1676=CARTESIAN_POINT('Ctrl Pts',(36.2639365629514,29.9999999999999,2.17204133176559E-15));
#1677=CARTESIAN_POINT('Ctrl Pts',(36.2639365629514,29.9999999999999,-17.7360634370486));
#1678=CARTESIAN_POINT('Ctrl Pts',(54.,29.9999999999999,-17.7360634370486));
#1679=CARTESIAN_POINT('Ctrl Pts',(71.7360634370486,29.9999999999999,-17.7360634370486));
#1680=CARTESIAN_POINT('Ctrl Pts',(71.7360634370486,29.9999999999999,-2.17204133176559E-15));
#1681=CARTESIAN_POINT('Ctrl Pts',(71.7360634370486,29.9999999999999,17.7360634370486));
#1682=CARTESIAN_POINT('Ctrl Pts',(54.,29.9999999999999,17.7360634370486));
#1683=CARTESIAN_POINT('Ctrl Pts',(36.2639365629514,29.9999999999999,17.7360634370486));
#1684=CARTESIAN_POINT('Ctrl Pts',(36.2639365629514,29.9999999999999,2.17204133176559E-15));
#1685=CARTESIAN_POINT('Ctrl Pts',(35.7346675672857,36.0000000000022,2.23685808990859E-15));
#1686=CARTESIAN_POINT('Ctrl Pts',(35.7346675672857,36.0000000000022,-18.2653324327143));
#1687=CARTESIAN_POINT('Ctrl Pts',(54.,36.0000000000022,-18.2653324327143));
#1688=CARTESIAN_POINT('Ctrl Pts',(72.2653324327143,36.0000000000022,-18.2653324327143));
#1689=CARTESIAN_POINT('Ctrl Pts',(72.2653324327143,36.0000000000022,-2.23685808990859E-15));
#1690=CARTESIAN_POINT('Ctrl Pts',(72.2653324327143,36.0000000000022,18.2653324327143));
#1691=CARTESIAN_POINT('Ctrl Pts',(54.,36.0000000000022,18.2653324327143));
#1692=CARTESIAN_POINT('Ctrl Pts',(35.7346675672857,36.0000000000022,18.2653324327143));
#1693=CARTESIAN_POINT('Ctrl Pts',(35.7346675672857,36.0000000000022,2.23685808990859E-15));
#1694=CARTESIAN_POINT('Ctrl Pts',(34.1887366734064,42.0000000000042,2.42618002199782E-15));
#1695=CARTESIAN_POINT('Ctrl Pts',(34.1887366734064,42.0000000000042,-19.8112633265936));
#1696=CARTESIAN_POINT('Ctrl Pts',(54.,42.0000000000042,-19.8112633265936));
#1697=CARTESIAN_POINT('Ctrl Pts',(73.8112633265936,42.0000000000042,-19.8112633265936));
#1698=CARTESIAN_POINT('Ctrl Pts',(73.8112633265936,42.0000000000042,-2.42618002199782E-15));
#1699=CARTESIAN_POINT('Ctrl Pts',(73.8112633265936,42.0000000000042,19.8112633265936));
#1700=CARTESIAN_POINT('Ctrl Pts',(54.,42.0000000000042,19.8112633265936));
#1701=CARTESIAN_POINT('Ctrl Pts',(34.1887366734064,42.0000000000042,19.8112633265936));
#1702=CARTESIAN_POINT('Ctrl Pts',(34.1887366734064,42.0000000000042,2.42618002199782E-15));
#1703=CARTESIAN_POINT('Ctrl Pts',(31.7028513146724,48.0000000000051,2.73061317675991E-15));
#1704=CARTESIAN_POINT('Ctrl Pts',(31.7028513146724,48.0000000000051,-22.2971486853276));
#1705=CARTESIAN_POINT('Ctrl Pts',(54.,48.0000000000051,-22.2971486853276));
#1706=CARTESIAN_POINT('Ctrl Pts',(76.2971486853276,48.0000000000051,-22.2971486853276));
#1707=CARTESIAN_POINT('Ctrl Pts',(76.2971486853276,48.0000000000051,-2.73061317675991E-15));
#1708=CARTESIAN_POINT('Ctrl Pts',(76.2971486853276,48.0000000000051,22.2971486853276));
#1709=CARTESIAN_POINT('Ctrl Pts',(54.,48.0000000000051,22.2971486853276));
#1710=CARTESIAN_POINT('Ctrl Pts',(31.7028513146724,48.0000000000051,22.2971486853276));
#1711=CARTESIAN_POINT('Ctrl Pts',(31.7028513146724,48.0000000000051,2.73061317675991E-15));
#1712=CARTESIAN_POINT('Ctrl Pts',(29.0238686222891,52.8000000000044,3.05869393467975E-15));
#1713=CARTESIAN_POINT('Ctrl Pts',(29.0238686222891,52.8000000000044,-24.9761313777109));
#1714=CARTESIAN_POINT('Ctrl Pts',(54.,52.8000000000044,-24.976131377711));
#1715=CARTESIAN_POINT('Ctrl Pts',(78.976131377711,52.8000000000043,-24.976131377711));
#1716=CARTESIAN_POINT('Ctrl Pts',(78.976131377711,52.8000000000043,-3.05869393467975E-15));
#1717=CARTESIAN_POINT('Ctrl Pts',(78.976131377711,52.8000000000043,24.9761313777109));
#1718=CARTESIAN_POINT('Ctrl Pts',(54.,52.8000000000044,24.976131377711));
#1719=CARTESIAN_POINT('Ctrl Pts',(29.0238686222891,52.8000000000044,24.9761313777109));
#1720=CARTESIAN_POINT('Ctrl Pts',(29.0238686222891,52.8000000000044,3.05869393467975E-15));
#1721=CARTESIAN_POINT('Ctrl Pts',(26.6510291042088,56.4000000000027,3.34928296675048E-15));
#1722=CARTESIAN_POINT('Ctrl Pts',(26.6510291042088,56.4000000000027,-27.3489708957912));
#1723=CARTESIAN_POINT('Ctrl Pts',(54.,56.4000000000027,-27.3489708957912));
#1724=CARTESIAN_POINT('Ctrl Pts',(81.3489708957912,56.4000000000027,-27.3489708957912));
#1725=CARTESIAN_POINT('Ctrl Pts',(81.3489708957912,56.4000000000027,-3.34928296675048E-15));
#1726=CARTESIAN_POINT('Ctrl Pts',(81.3489708957912,56.4000000000027,27.3489708957911));
#1727=CARTESIAN_POINT('Ctrl Pts',(54.,56.4000000000027,27.3489708957912));
#1728=CARTESIAN_POINT('Ctrl Pts',(26.6510291042088,56.4000000000027,27.3489708957912));
#1729=CARTESIAN_POINT('Ctrl Pts',(26.6510291042088,56.4000000000027,3.34928296675048E-15));
#1730=CARTESIAN_POINT('Ctrl Pts',(24.9101713103383,58.800000000001,3.5624765592539E-15));
#1731=CARTESIAN_POINT('Ctrl Pts',(24.9101713103383,58.800000000001,-29.0898286896617));
#1732=CARTESIAN_POINT('Ctrl Pts',(54.,58.800000000001,-29.0898286896617));
#1733=CARTESIAN_POINT('Ctrl Pts',(83.0898286896617,58.800000000001,-29.0898286896617));
#1734=CARTESIAN_POINT('Ctrl Pts',(83.0898286896617,58.800000000001,-3.5624765592539E-15));
#1735=CARTESIAN_POINT('Ctrl Pts',(83.0898286896617,58.800000000001,29.0898286896617));
#1736=CARTESIAN_POINT('Ctrl Pts',(54.,58.800000000001,29.0898286896617));
#1737=CARTESIAN_POINT('Ctrl Pts',(24.9101713103383,58.800000000001,29.0898286896617));
#1738=CARTESIAN_POINT('Ctrl Pts',(24.9101713103383,58.800000000001,3.5624765592539E-15));
#1739=CARTESIAN_POINT('Ctrl Pts',(24.,60.,3.67394039744206E-15));
#1740=CARTESIAN_POINT('Ctrl Pts',(24.,60.,-30.));
#1741=CARTESIAN_POINT('Ctrl Pts',(54.,60.,-30.));
#1742=CARTESIAN_POINT('Ctrl Pts',(84.,60.,-30.));
#1743=CARTESIAN_POINT('Ctrl Pts',(84.,60.,-3.67394039744206E-15));
#1744=CARTESIAN_POINT('Ctrl Pts',(84.,60.,30.));
#1745=CARTESIAN_POINT('Ctrl Pts',(54.,60.,30.));
#1746=CARTESIAN_POINT('Ctrl Pts',(24.,60.,30.));
#1747=CARTESIAN_POINT('Ctrl Pts',(24.,60.,3.67394039744206E-15));
#1748=CARTESIAN_POINT('',(29.0875499453159,52.4595996455681,2.77333946568243E-15));
#1749=CARTESIAN_POINT('Ctrl Pts',(29.0875499453185,52.4595996455636,3.0508952218384E-15));
#1750=CARTESIAN_POINT('Ctrl Pts',(29.6136866726963,51.5676797164519,2.98646205592869E-15));
#1751=CARTESIAN_POINT('Ctrl Pts',(30.7942754539082,49.4757597873404,2.84188162872665E-15));
#1752=CARTESIAN_POINT('Ctrl Pts',(32.4522145833632,46.1838398582287,2.63884264391983E-15));
#1753=CARTESIAN_POINT('Ctrl Pts',(34.2681150899688,41.6919199291161,2.41645896962137E-15));
#1754=CARTESIAN_POINT('Ctrl Pts',(35.7346675672857,36.0000000000022,2.23685808990859E-15));
#1755=CARTESIAN_POINT('Ctrl Pts',(36.2639365629514,29.9999999999999,2.17204133176559E-15));
#1756=CARTESIAN_POINT('Ctrl Pts',(35.7346675672689,23.9999999999981,2.23685808991064E-15));
#1757=CARTESIAN_POINT('Ctrl Pts',(34.2681150899397,18.3080800708837,2.41645896962493E-15));
#1758=CARTESIAN_POINT('Ctrl Pts',(32.4522145833296,13.8161601417702,2.63884264392394E-15));
#1759=CARTESIAN_POINT('Ctrl Pts',(30.7942754538753,10.5242402126571,2.84188162873068E-15));
#1760=CARTESIAN_POINT('Ctrl Pts',(29.6136866726654,8.43232028354398,2.98646205593248E-15));
#1761=CARTESIAN_POINT('Ctrl Pts',(29.0875499452883,7.5404003544307,3.05089522184211E-15));
#1762=CARTESIAN_POINT('Ctrl Pts',(29.0875499453159,52.4595996455681,2.35074226818681E-14));
#1763=CARTESIAN_POINT('Ctrl Pts',(29.0875499453159,52.4595996455681,0.36699504936749));
#1764=CARTESIAN_POINT('Ctrl Pts',(29.0956616316936,52.4595996455681,0.737353803482154));
#1765=CARTESIAN_POINT('Ctrl Pts',(29.1123177361056,52.4595996455681,1.11060310577909));
#1766=CARTESIAN_POINT('Ctrl Pts',(29.1288437147019,52.4595996455681,1.48093639790182));
#1767=CARTESIAN_POINT('Ctrl Pts',(29.1537815756988,52.4595996455681,1.85411511353327));
#1768=CARTESIAN_POINT('Ctrl Pts',(29.1875243711761,52.4595996455681,2.22962348753097));
#1769=CARTESIAN_POINT('Ctrl Pts',(29.2210035510638,52.4595996455681,2.60219820235682));
#1770=CARTESIAN_POINT('Ctrl Pts',(29.2631510591263,52.4595996455681,2.97706611799849));
#1771=CARTESIAN_POINT('Ctrl Pts',(29.3143149713688,52.4595996455681,3.35367297069128));
#1772=CARTESIAN_POINT('Ctrl Pts',(29.365079165547,52.4595996455681,3.7273375823474));
#1773=CARTESIAN_POINT('Ctrl Pts',(29.4247198400654,52.4595996455681,4.10271380705765));
#1774=CARTESIAN_POINT('Ctrl Pts',(29.4935353083674,52.4595996455681,4.4792137753064));
#1775=CARTESIAN_POINT('Ctrl Pts',(29.5618131558233,52.4595996455681,4.85277233755321));
#1776=CARTESIAN_POINT('Ctrl Pts',(29.6391233719295,52.4595996455681,5.22743683782904));
#1777=CARTESIAN_POINT('Ctrl Pts',(29.7257103645148,52.4595996455681,5.60259140217313));
#1778=CARTESIAN_POINT('Ctrl Pts',(29.8116208962205,52.4595996455681,5.97481507148328));
#1779=CARTESIAN_POINT('Ctrl Pts',(29.90666414673,52.4595996455681,6.34752081145976));
#1780=CARTESIAN_POINT('Ctrl Pts',(30.0110272393657,52.4595996455681,6.72007095324701));
#1781=CARTESIAN_POINT('Ctrl Pts',(30.1145749953401,52.4595996455681,7.08971054705155));
#1782=CARTESIAN_POINT('Ctrl Pts',(30.2272978121667,52.4595996455681,7.4591965554781));
#1783=CARTESIAN_POINT('Ctrl Pts',(30.3493230164404,52.4595996455681,7.82787620919318));
#1784=CARTESIAN_POINT('Ctrl Pts',(30.4703948988057,52.4595996455681,8.19367555311361));
#1785=CARTESIAN_POINT('Ctrl Pts',(30.6006245991178,52.4595996455681,8.55868064969447));
#1786=CARTESIAN_POINT('Ctrl Pts',(30.7400780810475,52.4595996455681,8.92223066566656));
#1787=CARTESIAN_POINT('Ctrl Pts',(30.8784420826495,52.4595996455681,9.28294044713886));
#1788=CARTESIAN_POINT('Ctrl Pts',(31.025886455101,52.4595996455681,9.64221732851928));
#1789=CARTESIAN_POINT('Ctrl Pts',(31.1824152311465,52.4595996455681,9.99939963414386));
#1790=CARTESIAN_POINT('Ctrl Pts',(31.3377211261293,52.4595996455681,10.3537914530057));
#1791=CARTESIAN_POINT('Ctrl Pts',(31.5019701157087,52.4595996455681,10.7061208170341));
#1792=CARTESIAN_POINT('Ctrl Pts',(31.6751047540754,52.4595996455681,11.0557324490793));
#1793=CARTESIAN_POINT('Ctrl Pts',(31.8468867780799,52.4595996455681,11.4026127402491));
#1794=CARTESIAN_POINT('Ctrl Pts',(32.0274161670587,52.4595996455681,11.7468171177005));
#1795=CARTESIAN_POINT('Ctrl Pts',(32.2165754601838,52.4595996455681,12.0877037953973));
#1796=CARTESIAN_POINT('Ctrl Pts',(32.4042569463314,52.4595996455681,12.4259272959247));
#1797=CARTESIAN_POINT('Ctrl Pts',(32.6004339663651,52.4595996455681,12.7608842624973));
#1798=CARTESIAN_POINT('Ctrl Pts',(32.8049314786941,52.4595996455681,13.0919531814118));
#1799=CARTESIAN_POINT('Ctrl Pts',(33.007831354208,52.4595996455681,13.4204356243973));
#1800=CARTESIAN_POINT('Ctrl Pts',(33.2189221039773,52.4595996455681,13.7450900825814));
#1801=CARTESIAN_POINT('Ctrl Pts',(33.4379744406424,52.4595996455681,14.0653216324212));
#1802=CARTESIAN_POINT('Ctrl Pts',(33.6553154309274,52.4595996455681,14.3830513732779));
#1803=CARTESIAN_POINT('Ctrl Pts',(33.8804939178212,52.4595996455681,14.6964266229366));
#1804=CARTESIAN_POINT('Ctrl Pts',(34.1132305075578,52.4595996455681,15.004884767355));
#1805=CARTESIAN_POINT('Ctrl Pts',(34.3441488426871,52.4595996455681,15.31093308252));
#1806=CARTESIAN_POINT('Ctrl Pts',(34.5825074187139,52.4595996455681,15.6121404392384));
#1807=CARTESIAN_POINT('Ctrl Pts',(34.8279815608183,52.4595996455681,15.9079815405603));
#1808=CARTESIAN_POINT('Ctrl Pts',(35.0715379361876,52.4595996455681,16.2015113832782));
#1809=CARTESIAN_POINT('Ctrl Pts',(35.3220988598301,52.4595996455681,16.4897581526164));
#1810=CARTESIAN_POINT('Ctrl Pts',(35.5792997521623,52.4595996455681,16.7722380768471));
#1811=CARTESIAN_POINT('Ctrl Pts',(35.8344912625231,52.4595996455681,17.0525111266698));
#1812=CARTESIAN_POINT('Ctrl Pts',(36.0962190912888,52.4595996455681,17.3271067977781));
#1813=CARTESIAN_POINT('Ctrl Pts',(36.364084535538,52.4595996455681,17.5955861924938));
#1814=CARTESIAN_POINT('Ctrl Pts',(36.629857281004,52.4595996455681,17.8619680919384));
#1815=CARTESIAN_POINT('Ctrl Pts',(36.9016717848857,52.4595996455681,18.1223286726656));
#1816=CARTESIAN_POINT('Ctrl Pts',(37.1791012570827,52.4595996455681,18.3762763694839));
#1817=CARTESIAN_POINT('Ctrl Pts',(37.4564642975955,52.4595996455681,18.6301632574304));
#1818=CARTESIAN_POINT('Ctrl Pts',(37.7394393023991,52.4595996455681,18.8776400937512));
#1819=CARTESIAN_POINT('Ctrl Pts',(38.0275670692996,52.4595996455681,19.1183564670556));
#1820=CARTESIAN_POINT('Ctrl Pts',(38.3161429017488,52.4595996455681,19.35944717677));
#1821=CARTESIAN_POINT('Ctrl Pts',(38.609887198245,52.4595996455681,19.5937561737767));
#1822=CARTESIAN_POINT('Ctrl Pts',(38.9083106729936,52.4595996455681,19.8209757828481));
#1823=CARTESIAN_POINT('Ctrl Pts',(39.2073852989769,52.4595996455681,20.0486911784158));
#1824=CARTESIAN_POINT('Ctrl Pts',(39.5111591854751,52.4595996455681,20.2692860498368));
#1825=CARTESIAN_POINT('Ctrl Pts',(39.8191170358024,52.4595996455681,20.4824980430332));
#1826=CARTESIAN_POINT('Ctrl Pts',(40.1279395120647,52.4595996455681,20.6963086526273));
#1827=CARTESIAN_POINT('Ctrl Pts',(40.4409691016785,52.4595996455681,20.9026947493362));
#1828=CARTESIAN_POINT('Ctrl Pts',(40.7576688005643,52.4595996455681,21.1014414704679));
#1829=CARTESIAN_POINT('Ctrl Pts',(41.0754553216577,52.4595996455681,21.3008702331391));
#1830=CARTESIAN_POINT('Ctrl Pts',(41.396936795468,52.4595996455681,21.4926070247027));
#1831=CARTESIAN_POINT('Ctrl Pts',(41.721558998575,52.4595996455681,21.6764862074473));
#1832=CARTESIAN_POINT('Ctrl Pts',(42.0474972117561,52.4595996455681,21.8611108316763));
#1833=CARTESIAN_POINT('Ctrl Pts',(42.3766012753915,52.4595996455681,22.0378139833234));
#1834=CARTESIAN_POINT('Ctrl Pts',(42.708304370895,52.4595996455681,22.2064805303943));
#1835=CARTESIAN_POINT('Ctrl Pts',(43.0415578812298,52.4595996455681,22.3759354424809));
#1836=CARTESIAN_POINT('Ctrl Pts',(43.3774343811242,52.4595996455681,22.5372784690742));
#1837=CARTESIAN_POINT('Ctrl Pts',(43.7153591672546,52.4595996455681,22.6904458014503));
#1838=CARTESIAN_POINT('Ctrl Pts',(44.0550721886321,52.4595996455681,22.8444236669205));
#1839=CARTESIAN_POINT('Ctrl Pts',(44.396854842428,52.4595996455681,22.9901391508018));
#1840=CARTESIAN_POINT('Ctrl Pts',(44.7401292867394,52.4595996455681,23.1275801177042));
#1841=CARTESIAN_POINT('Ctrl Pts',(45.0854313929454,52.4595996455681,23.2658329242759));
#1842=CARTESIAN_POINT('Ctrl Pts',(45.4322425874493,52.4595996455681,23.395713289343));
#1843=CARTESIAN_POINT('Ctrl Pts',(45.7799866212741,52.4595996455681,23.5172606351313));
#1844=CARTESIAN_POINT('Ctrl Pts',(46.1299975504172,52.4595996455681,23.639600331276));
#1845=CARTESIAN_POINT('Ctrl Pts',(46.480953160164,52.4595996455681,23.7534981711901));
#1846=CARTESIAN_POINT('Ctrl Pts',(46.8322834618479,52.4595996455681,23.8590445608333));
#1847=CARTESIAN_POINT('Ctrl Pts',(47.1861179273149,52.4595996455681,23.96534324951));
#1848=CARTESIAN_POINT('Ctrl Pts',(47.5403321071848,52.4595996455681,24.0631712134504));
#1849=CARTESIAN_POINT('Ctrl Pts',(47.8943668285613,52.4595996455681,24.1526688236095));
#1850=CARTESIAN_POINT('Ctrl Pts',(48.2511392902805,52.4595996455681,24.2428585162201));
#1851=CARTESIAN_POINT('Ctrl Pts',(48.6077291967043,52.4595996455681,24.3245887609769));
#1852=CARTESIAN_POINT('Ctrl Pts',(48.9635925888085,52.4595996455681,24.3980484489154));
#1853=CARTESIAN_POINT('Ctrl Pts',(49.3224219399023,52.4595996455681,24.4721203898326));
#1854=CARTESIAN_POINT('Ctrl Pts',(49.6805123369647,52.4595996455681,24.5377836121709));
#1855=CARTESIAN_POINT('Ctrl Pts',(50.0373392331656,52.4595996455681,24.5952736795938));
#1856=CARTESIAN_POINT('Ctrl Pts',(50.3973533590218,52.4595996455681,24.6532772566477));
#1857=CARTESIAN_POINT('Ctrl Pts',(50.7560810681569,52.4595996455681,24.7029613246817));
#1858=CARTESIAN_POINT('Ctrl Pts',(51.1130211856369,52.4595996455681,24.7446058981053));
#1859=CARTESIAN_POINT('Ctrl Pts',(51.4733613550244,52.4595996455681,24.7866471591086));
#1860=CARTESIAN_POINT('Ctrl Pts',(51.8318795099875,52.4595996455681,24.8204953658356));
#1861=CARTESIAN_POINT('Ctrl Pts',(52.1881015338005,52.4595996455681,24.8464724191446));
#1862=CARTESIAN_POINT('Ctrl Pts',(52.5479265847529,52.4595996455681,24.8727122187798));
#1863=CARTESIAN_POINT('Ctrl Pts',(52.9054086569938,52.4595996455681,24.8909211848372));
#1864=CARTESIAN_POINT('Ctrl Pts',(53.260104074628,52.4595996455681,24.9014602332222));
#1865=CARTESIAN_POINT('Ctrl Pts',(53.4003025809602,52.4595996455681,24.9056259448956));
#1866=CARTESIAN_POINT('Ctrl Pts',(53.5400662204745,52.4595996455681,24.9085936432802));
#1867=CARTESIAN_POINT('Ctrl Pts',(53.6793695784527,52.4595996455681,24.9103866662063));
#1868=CARTESIAN_POINT('Ctrl Pts',(53.7487491805707,52.4595996455681,24.9112796756715));
#1869=CARTESIAN_POINT('Ctrl Pts',(53.8180146270904,52.4595996455681,24.9118813145565));
#1870=CARTESIAN_POINT('Ctrl Pts',(53.8871628828705,52.4595996455681,24.9121945141757));
#1871=CARTESIAN_POINT('Ctrl Pts',(53.9217304673302,52.4595996455681,24.9123510843476));
#1872=CARTESIAN_POINT('Ctrl Pts',(53.9562687662811,52.4595996455681,24.9124355724762));
#1873=CARTESIAN_POINT('Ctrl Pts',(53.9907774070695,52.4595996455681,24.9124483475814));
#1874=CARTESIAN_POINT('Ctrl Pts',(54.0037684057136,52.4595996455681,24.9124531568514));
#1875=CARTESIAN_POINT('Ctrl Pts',(54.016757064364,52.4595996455681,24.9124478084575));
#1876=CARTESIAN_POINT('Ctrl Pts',(54.0297524849053,52.4595996455681,24.9124322882526));
#1877=CARTESIAN_POINT('Ctrl Pts',(54.3808503674834,52.4595996455681,24.9120129781535));
#1878=CARTESIAN_POINT('Ctrl Pts',(54.7350124341428,52.4595996455681,24.9041660067667));
#1879=CARTESIAN_POINT('Ctrl Pts',(55.0918247540549,52.4595996455681,24.8885131422824));
#1880=CARTESIAN_POINT('Ctrl Pts',(55.4450077523112,52.4595996455681,24.8730194911348));
#1881=CARTESIAN_POINT('Ctrl Pts',(55.8007872363904,52.4595996455681,24.8498775897907));
#1882=CARTESIAN_POINT('Ctrl Pts',(56.1587173105351,52.4595996455681,24.8187450790794));
#1883=CARTESIAN_POINT('Ctrl Pts',(56.5132192509769,52.4595996455681,24.7879107450705));
#1884=CARTESIAN_POINT('Ctrl Pts',(56.8698306158825,52.4595996455681,24.7492378014714));
#1885=CARTESIAN_POINT('Ctrl Pts',(57.228076538695,52.4595996455681,24.7024227473229));
#1886=CARTESIAN_POINT('Ctrl Pts',(57.583105545888,52.4595996455681,24.6560280750109));
#1887=CARTESIAN_POINT('Ctrl Pts',(57.9397396811758,52.4595996455681,24.6016365518582));
#1888=CARTESIAN_POINT('Ctrl Pts',(58.2974784124598,52.4595996455681,24.5389862671947));
#1889=CARTESIAN_POINT('Ctrl Pts',(58.6522201395703,52.4595996455681,24.4768608436888));
#1890=CARTESIAN_POINT('Ctrl Pts',(59.0080477899615,52.4595996455681,24.4066141714054));
#1891=CARTESIAN_POINT('Ctrl Pts',(59.3644387600248,52.4595996455681,24.3280283729914));
#1892=CARTESIAN_POINT('Ctrl Pts',(59.7180598916743,52.4595996455681,24.2500533363012));
#1893=CARTESIAN_POINT('Ctrl Pts',(60.0722353450448,52.4595996455681,24.163868035358));
#1894=CARTESIAN_POINT('Ctrl Pts',(60.4264243010718,52.4595996455681,24.0693007465884));
#1895=CARTESIAN_POINT('Ctrl Pts',(60.7780763080398,52.4595996455681,23.9754108148911));
#1896=CARTESIAN_POINT('Ctrl Pts',(61.1297413191497,52.4595996455681,23.8732583175974));
#1897=CARTESIAN_POINT('Ctrl Pts',(61.4808643869869,52.4595996455681,23.7627194519196));
#1898=CARTESIAN_POINT('Ctrl Pts',(61.8296875084032,52.4595996455681,23.6529046442483));
#1899=CARTESIAN_POINT('Ctrl Pts',(62.177975431319,52.4595996455681,23.5348127879866));
#1900=CARTESIAN_POINT('Ctrl Pts',(62.5251633632084,52.4595996455681,23.4083693869893));
#1901=CARTESIAN_POINT('Ctrl Pts',(62.8702907881727,52.4595996455681,23.2826764081106));
#1902=CARTESIAN_POINT('Ctrl Pts',(63.2143308867714,52.4595996455681,23.1487305746251));
#1903=CARTESIAN_POINT('Ctrl Pts',(63.556713462228,52.4595996455681,23.0065076777854));
#1904=CARTESIAN_POINT('Ctrl Pts',(63.8972756792446,52.4595996455681,22.8650409428219));
#1905=CARTESIAN_POINT('Ctrl Pts',(64.2361975818321,52.4595996455681,22.7153848213066));
#1906=CARTESIAN_POINT('Ctrl Pts',(64.5729081257724,52.4595996455681,22.557565947839));
#1907=CARTESIAN_POINT('Ctrl Pts',(64.9080374052001,52.4595996455681,22.4004882254536));
#1908=CARTESIAN_POINT('Ctrl Pts',(65.2409756663303,52.4595996455681,22.2353241807782));
#1909=CARTESIAN_POINT('Ctrl Pts',(65.5711556459356,52.4595996455681,22.06215140789));
#1910=CARTESIAN_POINT('Ctrl Pts',(65.8999906177823,52.4595996455681,21.8896840645781));
#1911=CARTESIAN_POINT('Ctrl Pts',(66.2260893477849,52.4595996455681,21.7092730960198));
#1912=CARTESIAN_POINT('Ctrl Pts',(66.5488930073641,52.4595996455681,21.5210467221475));
#1913=CARTESIAN_POINT('Ctrl Pts',(66.8705832943419,52.4595996455681,21.3334695543215));
#1914=CARTESIAN_POINT('Ctrl Pts',(67.1890008149946,52.4595996455681,21.1381308345719));
#1915=CARTESIAN_POINT('Ctrl Pts',(67.5035998064387,52.4595996455681,20.9352086207585));
#1916=CARTESIAN_POINT('Ctrl Pts',(67.8173106702971,52.4595996455681,20.7328592657931));
#1917=CARTESIAN_POINT('Ctrl Pts',(68.1272241535573,52.4595996455681,20.5229692547135));
#1918=CARTESIAN_POINT('Ctrl Pts',(68.432812118882,52.4595996455681,20.3057652421223));
#1919=CARTESIAN_POINT('Ctrl Pts',(68.7377290766641,52.4595996455681,20.0890381643168));
#1920=CARTESIAN_POINT('Ctrl Pts',(69.0383391224174,52.4595996455681,19.8650292968729));
#1921=CARTESIAN_POINT('Ctrl Pts',(69.3341361843872,52.4595996455681,19.6340122034646));
#1922=CARTESIAN_POINT('Ctrl Pts',(69.6294695504971,52.4595996455681,19.4033572558771));
#1923=CARTESIAN_POINT('Ctrl Pts',(69.9200046589679,52.4595996455681,19.1657162087907));
#1924=CARTESIAN_POINT('Ctrl Pts',(70.2052617759386,52.4595996455681,18.9214074133093));
#1925=CARTESIAN_POINT('Ctrl Pts',(70.4902510858312,52.4595996455681,18.6773279815168));
#1926=CARTESIAN_POINT('Ctrl Pts',(70.7699719806775,52.4595996455681,18.4265935283232));
#1927=CARTESIAN_POINT('Ctrl Pts',(71.0439751226419,52.4595996455681,18.1695646548257));
#1928=CARTESIAN_POINT('Ctrl Pts',(71.3178933944206,52.4595996455681,17.9126153938762));
#1929=CARTESIAN_POINT('Ctrl Pts',(71.5860971534869,52.4595996455681,17.6493758632704));
#1930=CARTESIAN_POINT('Ctrl Pts',(71.8481712577154,52.4595996455681,17.3802459845191));
#1931=CARTESIAN_POINT('Ctrl Pts',(72.1103290492307,52.4595996455681,17.111030165383));
#1932=CARTESIAN_POINT('Ctrl Pts',(72.3663530017012,52.4595996455681,16.8359205227));
#1933=CARTESIAN_POINT('Ctrl Pts',(72.6158656685773,52.4595996455681,16.5553530054969));
#1934=CARTESIAN_POINT('Ctrl Pts',(72.8656148894113,52.4595996455681,16.2745194923527));
#1935=CARTESIAN_POINT('Ctrl Pts',(73.1088402403591,52.4595996455681,15.9882180689008));
#1936=CARTESIAN_POINT('Ctrl Pts',(73.3452051326809,52.4595996455681,15.6969170890856));
#1937=CARTESIAN_POINT('Ctrl Pts',(73.5819425729812,52.4595996455681,15.4051569734397));
#1938=CARTESIAN_POINT('Ctrl Pts',(73.8117977193226,52.4595996455681,15.1083818728629));
#1939=CARTESIAN_POINT('Ctrl Pts',(74.0344776317263,52.4595996455681,14.8070886318341));
#1940=CARTESIAN_POINT('Ctrl Pts',(74.2576481729522,52.4595996455681,14.5051315538817));
#1941=CARTESIAN_POINT('Ctrl Pts',(74.4736116783154,52.4595996455681,14.1986367688551));
#1942=CARTESIAN_POINT('Ctrl Pts',(74.682121247313,52.4595996455681,13.8881254472507));
#1943=CARTESIAN_POINT('Ctrl Pts',(74.891220723663,52.4595996455681,13.57673563881));
#1944=CARTESIAN_POINT('Ctrl Pts',(75.0928239237547,52.4595996455681,13.2613069149676));
#1945=CARTESIAN_POINT('Ctrl Pts',(75.2867319532249,52.4595996455681,12.9423804023327));
#1946=CARTESIAN_POINT('Ctrl Pts',(75.4813096366497,52.4595996455681,12.6223524891988));
#1947=CARTESIAN_POINT('Ctrl Pts',(75.6681388511454,52.4595996455681,12.2988029763288));
#1948=CARTESIAN_POINT('Ctrl Pts',(75.847070232785,52.4595996455681,11.9722884182971));
#1949=CARTESIAN_POINT('Ctrl Pts',(76.0267309191388,52.4595996455681,11.644443022688));
#1950=CARTESIAN_POINT('Ctrl Pts',(76.198429251033,52.4595996455681,11.3136087556324));
#1951=CARTESIAN_POINT('Ctrl Pts',(76.3620664643314,52.4595996455681,10.9803529620843));
#1952=CARTESIAN_POINT('Ctrl Pts',(76.5264721431019,52.4595996455681,10.6455321481749));
#1953=CARTESIAN_POINT('Ctrl Pts',(76.6827408515334,52.4595996455681,10.3082674017393));
#1954=CARTESIAN_POINT('Ctrl Pts',(76.8308250330065,52.4595996455681,9.96913216079385));
#1955=CARTESIAN_POINT('Ctrl Pts',(76.9796961282536,52.4595996455681,9.62819476792584));
#1956=CARTESIAN_POINT('Ctrl Pts',(77.1202955661399,52.4595996455681,9.28536733122658));
#1957=CARTESIAN_POINT('Ctrl Pts',(77.25262714289,52.4595996455681,8.94122467455474));
#1958=CARTESIAN_POINT('Ctrl Pts',(77.3857433183435,52.4595996455681,8.59504158362789));
#1959=CARTESIAN_POINT('Ctrl Pts',(77.5104934315334,52.4595996455681,8.24752799972796));
#1960=CARTESIAN_POINT('Ctrl Pts',(77.6269323195309,52.4595996455681,7.89925546462683));
#1961=CARTESIAN_POINT('Ctrl Pts',(77.7441328461437,52.4595996455681,7.54870484343296));
#1962=CARTESIAN_POINT('Ctrl Pts',(77.8529132361383,52.4595996455681,7.19738565989069));
#1963=CARTESIAN_POINT('Ctrl Pts',(77.9533786088409,52.4595996455681,6.84586159286412));
#1964=CARTESIAN_POINT('Ctrl Pts',(78.0545622984168,52.4595996455681,6.491824165643));
#1965=CARTESIAN_POINT('Ctrl Pts',(78.1473118559474,52.4595996455681,6.13757924063596));
#1966=CARTESIAN_POINT('Ctrl Pts',(78.2317814939365,52.4595996455681,5.78367818583021));
#1967=CARTESIAN_POINT('Ctrl Pts',(78.316906207615,52.4595996455681,5.42703257116822));
#1968=CARTESIAN_POINT('Ctrl Pts',(78.3936223293855,52.4595996455681,5.07073647824007));
#1969=CARTESIAN_POINT('Ctrl Pts',(78.4621315664749,52.4595996455681,4.71532469206565));
#1970=CARTESIAN_POINT('Ctrl Pts',(78.5312133117506,52.4595996455681,4.35694285154899));
#1971=CARTESIAN_POINT('Ctrl Pts',(78.5919507173418,52.4595996455681,3.99946042389082));
#1972=CARTESIAN_POINT('Ctrl Pts',(78.6445910030278,52.4595996455681,3.64339155466603));
#1973=CARTESIAN_POINT('Ctrl Pts',(78.6977026375963,52.4595996455681,3.28413439226574));
#1974=CARTESIAN_POINT('Ctrl Pts',(78.7425718078856,52.4595996455681,2.92631644462056));
#1975=CARTESIAN_POINT('Ctrl Pts',(78.7794889100229,52.4595996455681,2.57042741293806));
#1976=CARTESIAN_POINT('Ctrl Pts',(78.8167584749208,52.4595996455681,2.21114056226798));
#1977=CARTESIAN_POINT('Ctrl Pts',(78.8459237372334,52.4595996455681,1.85381982536798));
#1978=CARTESIAN_POINT('Ctrl Pts',(78.8673156123318,52.4595996455681,1.49892693744934));
#1979=CARTESIAN_POINT('Ctrl Pts',(78.8889243205737,52.4595996455681,1.14043677065064));
#1980=CARTESIAN_POINT('Ctrl Pts',(78.9026016091731,52.4595996455681,0.784424069418407));
#1981=CARTESIAN_POINT('Ctrl Pts',(78.908715970707,52.4595996455681,0.431319391843435));
#1982=CARTESIAN_POINT('Ctrl Pts',(78.9103255058108,52.4595996455681,0.338368660886288));
#1983=CARTESIAN_POINT('Ctrl Pts',(78.9114111017118,52.4595996455681,0.245619192042203));
#1984=CARTESIAN_POINT('Ctrl Pts',(78.9119797438747,52.4595996455681,0.153078306455764));
#1985=CARTESIAN_POINT('Ctrl Pts',(78.9121716396223,52.4595996455681,0.121849172240322));
#1986=CARTESIAN_POINT('Ctrl Pts',(78.912304664822,52.4595996455681,0.090643789894059));
#1987=CARTESIAN_POINT('Ctrl Pts',(78.9123790904431,52.4595996455681,0.0594624350497919));
#1988=CARTESIAN_POINT('Ctrl Pts',(78.9124194383293,52.4595996455681,0.0425582864966529));
#1989=CARTESIAN_POINT('Ctrl Pts',(78.9124425639376,52.4595996455681,0.0256611995284311));
#1990=CARTESIAN_POINT('Ctrl Pts',(78.9124485105915,52.4595996455681,0.00877121770648522));
#1991=CARTESIAN_POINT('Ctrl Pts',(78.9124531272727,52.4595996455681,-0.00434130982635656));
#1992=CARTESIAN_POINT('Ctrl Pts',(78.912447395351,52.4595996455681,-0.0174517602997482));
#1993=CARTESIAN_POINT('Ctrl Pts',(78.9124312996893,52.4595996455681,-0.0305690266617401));
#1994=CARTESIAN_POINT('Ctrl Pts',(78.9119809420675,52.4595996455681,-0.397590961567327));
#1995=CARTESIAN_POINT('Ctrl Pts',(78.9034135753704,52.4595996455681,-0.767961306182221));
#1996=CARTESIAN_POINT('Ctrl Pts',(78.886297768253,52.4595996455681,-1.14120599235077));
#1997=CARTESIAN_POINT('Ctrl Pts',(78.8694493956218,52.4595996455681,-1.50861873029793));
#1998=CARTESIAN_POINT('Ctrl Pts',(78.8443172365272,52.4595996455681,-1.87881648505151));
#1999=CARTESIAN_POINT('Ctrl Pts',(78.8105187051508,52.4595996455681,-2.25129502919802));
#2000=CARTESIAN_POINT('Ctrl Pts',(78.7772482758272,52.4595996455681,-2.61795359609224));
#2001=CARTESIAN_POINT('Ctrl Pts',(78.7355798236887,52.4595996455681,-2.98682198414432));
#2002=CARTESIAN_POINT('Ctrl Pts',(78.6851822475287,52.4595996455681,-3.35737175978836));
#2003=CARTESIAN_POINT('Ctrl Pts',(78.6355721334962,52.4595996455681,-3.72213169518795));
#2004=CARTESIAN_POINT('Ctrl Pts',(78.5775032356959,52.4595996455681,-4.08852059536044));
#2005=CARTESIAN_POINT('Ctrl Pts',(78.5106977206821,52.4595996455681,-4.4559920301185));
#2006=CARTESIAN_POINT('Ctrl Pts',(78.4449360418404,52.4595996455681,-4.81772172370846));
#2007=CARTESIAN_POINT('Ctrl Pts',(78.3707083681118,52.4595996455681,-5.18050006585266));
#2008=CARTESIAN_POINT('Ctrl Pts',(78.2877910381237,52.4595996455681,-5.54376895402127));
#2009=CARTESIAN_POINT('Ctrl Pts',(78.2061692914166,52.4595996455681,-5.90136176581226));
#2010=CARTESIAN_POINT('Ctrl Pts',(78.1161271074048,52.4595996455681,-6.2594295704427));
#2011=CARTESIAN_POINT('Ctrl Pts',(78.0174950257263,52.4595996455681,-6.61740888991638));
#2012=CARTESIAN_POINT('Ctrl Pts',(77.920404070324,52.4595996455681,-6.96979478252328));
#2013=CARTESIAN_POINT('Ctrl Pts',(77.8149893970521,52.4595996455681,-7.32209457692844));
#2014=CARTESIAN_POINT('Ctrl Pts',(77.7011349291898,52.4595996455681,-7.67374555191071));
#2015=CARTESIAN_POINT('Ctrl Pts',(77.5885305425794,52.4595996455681,-8.02153552521888));
#2016=CARTESIAN_POINT('Ctrl Pts',(77.4676705327824,52.4595996455681,-8.36869049715613));
#2017=CARTESIAN_POINT('Ctrl Pts',(77.3384897959528,52.4595996455681,-8.71464639393586));
#2018=CARTESIAN_POINT('Ctrl Pts',(77.2100384696088,52.4595996455681,-9.05864887362807));
#2019=CARTESIAN_POINT('Ctrl Pts',(77.0733599768389,52.4595996455681,-9.40146542672301));
#2020=CARTESIAN_POINT('Ctrl Pts',(76.9284393889262,52.4595996455681,-9.74252713188266));
#2021=CARTESIAN_POINT('Ctrl Pts',(76.7842488235592,52.4595996455681,-10.0818707738061));
#2022=CARTESIAN_POINT('Ctrl Pts',(76.6318988952154,52.4595996455681,-10.4194768328388));
#2023=CARTESIAN_POINT('Ctrl Pts',(76.4714253836923,52.4595996455681,-10.7547760995885));
#2024=CARTESIAN_POINT('Ctrl Pts',(76.3116621402429,52.4595996455681,-11.0885913060592));
#2025=CARTESIAN_POINT('Ctrl Pts',(76.1438470144508,52.4595996455681,-11.4201197143274));
#2026=CARTESIAN_POINT('Ctrl Pts',(75.9680665851771,52.4595996455681,-11.7487964590573));
#2027=CARTESIAN_POINT('Ctrl Pts',(75.792956363037,52.4595996455681,-12.0762200409642));
#2028=CARTESIAN_POINT('Ctrl Pts',(75.6099414560307,52.4595996455681,-12.4008132773595));
#2029=CARTESIAN_POINT('Ctrl Pts',(75.4191588793318,52.4595996455681,-12.7220203045378));
#2030=CARTESIAN_POINT('Ctrl Pts',(75.2289863694662,52.4595996455681,-13.0422002056687));
#2031=CARTESIAN_POINT('Ctrl Pts',(75.0310958296795,52.4595996455681,-13.3590151339505));
#2032=CARTESIAN_POINT('Ctrl Pts',(74.8256738904799,52.4595996455681,-13.6719228616356));
#2033=CARTESIAN_POINT('Ctrl Pts',(74.6207821933891,52.4595996455681,-13.9840229012323));
#2034=CARTESIAN_POINT('Ctrl Pts',(74.4083980156548,52.4595996455681,-14.2922355062786));
#2035=CARTESIAN_POINT('Ctrl Pts',(74.1887563247686,52.4595996455681,-14.5960366465095));
#2036=CARTESIAN_POINT('Ctrl Pts',(73.969545928333,52.4595996455681,-14.8992412344858));
#2037=CARTESIAN_POINT('Ctrl Pts',(73.7431066268891,52.4595996455681,-15.1980512991673));
#2038=CARTESIAN_POINT('Ctrl Pts',(73.5097199959598,52.4595996455681,-15.4919654468494));
#2039=CARTESIAN_POINT('Ctrl Pts',(73.2766473135716,52.4595996455681,-15.785484225193));
#2040=CARTESIAN_POINT('Ctrl Pts',(73.036646158057,52.4595996455681,-16.0741199010808));
#2041=CARTESIAN_POINT('Ctrl Pts',(72.7900425461472,52.4595996455681,-16.3573979850436));
#2042=CARTESIAN_POINT('Ctrl Pts',(72.543618021039,52.4595996455681,-16.6404703487185));
#2043=CARTESIAN_POINT('Ctrl Pts',(72.290600845235,52.4595996455681,-16.9181925741243));
#2044=CARTESIAN_POINT('Ctrl Pts',(72.031358890587,52.4595996455681,-17.1901211248199));
#2045=CARTESIAN_POINT('Ctrl Pts',(71.772144677848,52.4595996455681,-17.462020575993));
#2046=CARTESIAN_POINT('Ctrl Pts',(71.5067072764898,52.4595996455681,-17.7281272958553));
#2047=CARTESIAN_POINT('Ctrl Pts',(71.2354534324225,52.4595996455681,-17.9880324856813));
#2048=CARTESIAN_POINT('Ctrl Pts',(70.9640606757038,52.4595996455681,-18.248070776364));
#2049=CARTESIAN_POINT('Ctrl Pts',(70.6868458101135,52.4595996455681,-18.5019009202716));
#2050=CARTESIAN_POINT('Ctrl Pts',(70.4042511092524,52.4595996455681,-18.7491523347516));
#2051=CARTESIAN_POINT('Ctrl Pts',(70.1213368345219,52.4595996455681,-18.9966833549391));
#2052=CARTESIAN_POINT('Ctrl Pts',(69.8330308730174,52.4595996455681,-19.2376205320647));
#2053=CARTESIAN_POINT('Ctrl Pts',(69.5398073489918,52.4595996455681,-19.4716346330592));
#2054=CARTESIAN_POINT('Ctrl Pts',(69.246071002808,52.4595996455681,-19.7060580041379));
#2055=CARTESIAN_POINT('Ctrl Pts',(68.9474002267203,52.4595996455681,-19.9335338770204));
#2056=CARTESIAN_POINT('Ctrl Pts',(68.6442970270116,52.4595996455681,-20.1537771227081));
#2057=CARTESIAN_POINT('Ctrl Pts',(68.3404766914901,52.4595996455681,-20.3745414592953));
#2058=CARTESIAN_POINT('Ctrl Pts',(68.0322033020283,52.4595996455681,-20.5880387622357));
#2059=CARTESIAN_POINT('Ctrl Pts',(67.7200025296713,52.4595996455681,-20.7940303527946));
#2060=CARTESIAN_POINT('Ctrl Pts',(67.4068708505925,52.4595996455681,-21.0006361601438));
#2061=CARTESIAN_POINT('Ctrl Pts',(67.0897887157113,52.4595996455681,-21.1996913323414));
#2062=CARTESIAN_POINT('Ctrl Pts',(66.7693010410321,52.4595996455681,-21.3910055549202));
#2063=CARTESIAN_POINT('Ctrl Pts',(66.4476609092342,52.4595996455681,-21.5830077335583));
#2064=CARTESIAN_POINT('Ctrl Pts',(66.1225910929426,52.4595996455681,-21.7672131419867));
#2065=CARTESIAN_POINT('Ctrl Pts',(65.7946511793227,52.4595996455681,-21.9434812936606));
#2066=CARTESIAN_POINT('Ctrl Pts',(65.4653312086019,52.4595996455681,-22.1204912279119));
#2067=CARTESIAN_POINT('Ctrl Pts',(65.1331173277644,52.4595996455681,-22.2894969601892));
#2068=CARTESIAN_POINT('Ctrl Pts',(64.7985791175347,52.4595996455681,-22.450408833014));
#2069=CARTESIAN_POINT('Ctrl Pts',(64.4624289646635,52.4595996455681,-22.6120960454007));
#2070=CARTESIAN_POINT('Ctrl Pts',(64.1239324202486,52.4595996455681,-22.7656112584531));
#2071=CARTESIAN_POINT('Ctrl Pts',(63.7836643281956,52.4595996455681,-22.9109161763628));
#2072=CARTESIAN_POINT('Ctrl Pts',(63.4415499023245,52.4595996455681,-23.0570095354756));
#2073=CARTESIAN_POINT('Ctrl Pts',(63.0976450331859,52.4595996455681,-23.1948033515252));
#2074=CARTESIAN_POINT('Ctrl Pts',(62.7525250957644,52.4595996455681,-23.324310754557));
#2075=CARTESIAN_POINT('Ctrl Pts',(62.4053237053629,52.4595996455681,-23.4545992297344));
#2076=CARTESIAN_POINT('Ctrl Pts',(62.056892913007,52.4595996455681,-23.5765011769353));
#2077=CARTESIAN_POINT('Ctrl Pts',(61.707803941201,52.4595996455681,-23.690080754002));
#2078=CARTESIAN_POINT('Ctrl Pts',(61.3563994268256,52.4595996455681,-23.8044137159275));
#2079=CARTESIAN_POINT('Ctrl Pts',(61.0043283192223,52.4595996455681,-23.9103137167283));
#2080=CARTESIAN_POINT('Ctrl Pts',(60.6521531021064,52.4595996455681,-24.0078950937658));
#2081=CARTESIAN_POINT('Ctrl Pts',(60.2974310026516,52.4595996455681,-24.1061821657919));
#2082=CARTESIAN_POINT('Ctrl Pts',(59.9426036039982,52.4595996455681,-24.1960300816975));
#2083=CARTESIAN_POINT('Ctrl Pts',(59.5882202084386,52.4595996455681,-24.2776020774114));
#2084=CARTESIAN_POINT('Ctrl Pts',(59.2310630071518,52.4595996455681,-24.3598125479289));
#2085=CARTESIAN_POINT('Ctrl Pts',(58.8743570786454,52.4595996455681,-24.4336172946754));
#2086=CARTESIAN_POINT('Ctrl Pts',(58.5186342882945,52.4595996455681,-24.4992267611812));
#2087=CARTESIAN_POINT('Ctrl Pts',(58.1599167827993,52.4595996455681,-24.5653885725699));
#2088=CARTESIAN_POINT('Ctrl Pts',(57.8021992969731,52.4595996455681,-24.6232168247081));
#2089=CARTESIAN_POINT('Ctrl Pts',(57.4459922308402,52.4595996455681,-24.6729670950236));
#2090=CARTESIAN_POINT('Ctrl Pts',(57.0865770686974,52.4595996455681,-24.7231654295661));
#2091=CARTESIAN_POINT('Ctrl Pts',(56.7286998767614,52.4595996455681,-24.765139937999));
#2092=CARTESIAN_POINT('Ctrl Pts',(56.3728458242019,52.4595996455681,-24.7991889065287));
#2093=CARTESIAN_POINT('Ctrl Pts',(56.013579242319,52.4595996455681,-24.833564394042));
#2094=CARTESIAN_POINT('Ctrl Pts',(55.6563749703699,52.4595996455681,-24.8598619440921));
#2095=CARTESIAN_POINT('Ctrl Pts',(55.3016894754974,52.4595996455681,-24.8784198098776));
#2096=CARTESIAN_POINT('Ctrl Pts',(54.9433972779544,52.4595996455681,-24.8971663856753));
#2097=CARTESIAN_POINT('Ctrl Pts',(54.5876754838764,52.4595996455681,-24.9080154267267));
#2098=CARTESIAN_POINT('Ctrl Pts',(54.2349487081649,52.4595996455681,-24.9113421322831));
#2099=CARTESIAN_POINT('Ctrl Pts',(54.1885915080023,52.4595996455681,-24.9117793453499));
#2100=CARTESIAN_POINT('Ctrl Pts',(54.1422859736339,52.4595996455681,-24.9120866608432));
#2101=CARTESIAN_POINT('Ctrl Pts',(54.0960330090207,52.4595996455681,-24.9122649590178));
#2102=CARTESIAN_POINT('Ctrl Pts',(54.0754282426372,52.4595996455681,-24.9123443872721));
#2103=CARTESIAN_POINT('Ctrl Pts',(54.0548339086602,52.4595996455681,-24.912398211817));
#2104=CARTESIAN_POINT('Ctrl Pts',(54.0342500861139,52.4595996455681,-24.9124265108546));
#2105=CARTESIAN_POINT('Ctrl Pts',(54.0126432098561,52.4595996455681,-24.9124562164062));
#2106=CARTESIAN_POINT('Ctrl Pts',(53.9910543378506,52.4595996455681,-24.9124578173838));
#2107=CARTESIAN_POINT('Ctrl Pts',(53.9694487837661,52.4595996455681,-24.9124313215374));
#2108=CARTESIAN_POINT('Ctrl Pts',(53.6025860254861,52.4595996455681,-24.9119814215131));
#2109=CARTESIAN_POINT('Ctrl Pts',(53.2323777560718,52.4595996455681,-24.903421555945));
#2110=CARTESIAN_POINT('Ctrl Pts',(52.8592974146819,52.4595996455681,-24.8863208477866));
#2111=CARTESIAN_POINT('Ctrl Pts',(52.4978758339604,52.4595996455681,-24.8697545367581));
#2112=CARTESIAN_POINT('Ctrl Pts',(52.1337592067272,52.4595996455681,-24.8451725442259));
#2113=CARTESIAN_POINT('Ctrl Pts',(51.7674270868534,52.4595996455681,-24.8122104197634));
#2114=CARTESIAN_POINT('Ctrl Pts',(51.4125428457258,52.4595996455681,-24.7802783616903));
#2115=CARTESIAN_POINT('Ctrl Pts',(51.0555797503466,52.4595996455681,-24.740481516053));
#2116=CARTESIAN_POINT('Ctrl Pts',(50.6970158615797,52.4595996455681,-24.6925183711276));
#2117=CARTESIAN_POINT('Ctrl Pts',(50.342539819892,52.4595996455681,-24.645102035315));
#2118=CARTESIAN_POINT('Ctrl Pts',(49.9864995005071,52.4595996455681,-24.5897042472353));
#2119=CARTESIAN_POINT('Ctrl Pts',(49.6293947016677,52.4595996455681,-24.5260672969255));
#2120=CARTESIAN_POINT('Ctrl Pts',(49.2751617345577,52.4595996455681,-24.462942114068));
#2121=CARTESIAN_POINT('Ctrl Pts',(48.9198815817233,52.4595996455681,-24.391709471205));
#2122=CARTESIAN_POINT('Ctrl Pts',(48.5640761675299,52.4595996455681,-24.3121553922048));
#2123=CARTESIAN_POINT('Ctrl Pts',(48.2109265760678,52.4595996455681,-24.2331951252236));
#2124=CARTESIAN_POINT('Ctrl Pts',(47.8572598104725,52.4595996455681,-24.1460369305831));
#2125=CARTESIAN_POINT('Ctrl Pts',(47.503616072859,52.4595996455681,-24.0505127512557));
#2126=CARTESIAN_POINT('Ctrl Pts',(47.1524065434806,52.4595996455681,-23.9556460860287));
#2127=CARTESIAN_POINT('Ctrl Pts',(46.8012200314523,52.4595996455681,-23.8525279881036));
#2128=CARTESIAN_POINT('Ctrl Pts',(46.4506109229054,52.4595996455681,-23.7410381468413));
#2129=CARTESIAN_POINT('Ctrl Pts',(46.1022103405774,52.4595996455681,-23.6302505926319));
#2130=CARTESIAN_POINT('Ctrl Pts',(45.7543802418355,52.4595996455681,-23.5111962473938));
#2131=CARTESIAN_POINT('Ctrl Pts',(45.4076848939457,52.4595996455681,-23.3838039857804));
#2132=CARTESIAN_POINT('Ctrl Pts',(45.0629699281446,52.4595996455681,-23.2571394101735));
#2133=CARTESIAN_POINT('Ctrl Pts',(44.7193771395316,52.4595996455681,-23.1222317568729));
#2134=CARTESIAN_POINT('Ctrl Pts',(44.3774762047804,52.4595996455681,-22.9790601099689));
#2135=CARTESIAN_POINT('Ctrl Pts',(44.0373267042743,52.4595996455681,-22.8366218793847));
#2136=CARTESIAN_POINT('Ctrl Pts',(43.698852138255,52.4595996455681,-22.6860040037241));
#2137=CARTESIAN_POINT('Ctrl Pts',(43.3626229961468,52.4595996455681,-22.5272363641221));
#2138=CARTESIAN_POINT('Ctrl Pts',(43.0279172325474,52.4595996455681,-22.3691880649335));
#2139=CARTESIAN_POINT('Ctrl Pts',(42.6954369729537,52.4595996455681,-22.2030636275337));
#2140=CARTESIAN_POINT('Ctrl Pts',(42.365748844899,52.4595996455681,-22.0289438645424));
#2141=CARTESIAN_POINT('Ctrl Pts',(42.0373586484399,52.4595996455681,-21.8555095843531));
#2142=CARTESIAN_POINT('Ctrl Pts',(41.7117390290675,52.4595996455681,-21.6741427973467));
#2143=CARTESIAN_POINT('Ctrl Pts',(41.3894480491095,52.4595996455681,-21.4849749178588));
#2144=CARTESIAN_POINT('Ctrl Pts',(41.0682338830341,52.4595996455681,-21.2964390715689));
#2145=CARTESIAN_POINT('Ctrl Pts',(40.7503265372064,52.4595996455681,-21.1001542115412));
#2146=CARTESIAN_POINT('Ctrl Pts',(40.436270827701,52.4595996455681,-20.8963015547645));
#2147=CARTESIAN_POINT('Ctrl Pts',(40.123076849901,52.4595996455681,-20.6930082455566));
#2148=CARTESIAN_POINT('Ctrl Pts',(39.8137137809024,52.4595996455681,-20.4821886968286));
#2149=CARTESIAN_POINT('Ctrl Pts',(39.5087085835206,52.4595996455681,-20.264072660988));
#2150=CARTESIAN_POINT('Ctrl Pts',(39.2043577456028,52.4595996455681,-20.04642457223));
#2151=CARTESIAN_POINT('Ctrl Pts',(38.9043464689088,52.4595996455681,-19.8215114005396));
#2152=CARTESIAN_POINT('Ctrl Pts',(38.6091793817993,52.4595996455681,-19.5896097057981));
#2153=CARTESIAN_POINT('Ctrl Pts',(38.3144686164956,52.4595996455681,-19.3580665259613));
#2154=CARTESIAN_POINT('Ctrl Pts',(38.0245874249141,52.4595996455681,-19.1195565888188));
#2155=CARTESIAN_POINT('Ctrl Pts',(37.7400137964834,52.4595996455681,-18.8744010868843));
#2156=CARTESIAN_POINT('Ctrl Pts',(37.4557093442365,52.4595996455681,-18.6294774758064));
#2157=CARTESIAN_POINT('Ctrl Pts',(37.1767027464289,52.4595996455681,-18.3779210820729));
#2158=CARTESIAN_POINT('Ctrl Pts',(36.9034412749827,52.4595996455681,-18.1200951291422));
#2159=CARTESIAN_POINT('Ctrl Pts',(36.6302741995999,52.4595996455681,-17.8623582401944));
#2160=CARTESIAN_POINT('Ctrl Pts',(36.3628485809387,52.4595996455681,-17.598356377618));
#2161=CARTESIAN_POINT('Ctrl Pts',(36.1015771673595,52.4595996455681,-17.3284917933195));
#2162=CARTESIAN_POINT('Ctrl Pts',(35.8402391088427,52.4595996455681,-17.0585583721433));
#2163=CARTESIAN_POINT('Ctrl Pts',(35.5850586612079,52.4595996455681,-16.7827595275592));
#2164=CARTESIAN_POINT('Ctrl Pts',(35.3364105589673,52.4595996455681,-16.5015331682757));
#2165=CARTESIAN_POINT('Ctrl Pts',(35.0875497690025,52.4595996455681,-16.2200662545949));
#2166=CARTESIAN_POINT('Ctrl Pts',(34.8452327329526,52.4595996455681,-15.9331628571248));
#2167=CARTESIAN_POINT('Ctrl Pts',(34.6097930361026,52.4595996455681,-15.6412928373697));
#2168=CARTESIAN_POINT('Ctrl Pts',(34.3737119703657,52.4595996455681,-15.3486277250615));
#2169=CARTESIAN_POINT('Ctrl Pts',(34.1445459625586,52.4595996455681,-15.0509692356775));
#2170=CARTESIAN_POINT('Ctrl Pts',(33.9225857754362,52.4595996455681,-14.748817097734));
#2171=CARTESIAN_POINT('Ctrl Pts',(33.7001286813591,52.4595996455681,-14.4459885254234));
#2172=CARTESIAN_POINT('Ctrl Pts',(33.4849098542216,52.4595996455681,-14.1386465294963));
#2173=CARTESIAN_POINT('Ctrl Pts',(33.2771737246099,52.4595996455681,-13.8273149558087));
#2174=CARTESIAN_POINT('Ctrl Pts',(33.0688558083075,52.4595996455681,-13.5151114655879));
#2175=CARTESIAN_POINT('Ctrl Pts',(32.8680626605763,52.4595996455681,-13.1988964024516));
#2176=CARTESIAN_POINT('Ctrl Pts',(32.6749903993763,52.4595996455681,-12.8792132236577));
#2177=CARTESIAN_POINT('Ctrl Pts',(32.481269177358,52.4595996455681,-12.5584555152755));
#2178=CARTESIAN_POINT('Ctrl Pts',(32.295320884959,52.4595996455681,-12.2342067293625));
#2179=CARTESIAN_POINT('Ctrl Pts',(32.1172918252836,52.4595996455681,-11.9070252652511));
#2180=CARTESIAN_POINT('Ctrl Pts',(31.9385648332454,52.4595996455681,-11.5785611423832));
#2181=CARTESIAN_POINT('Ctrl Pts',(31.7678192917367,52.4595996455681,-11.2471416965317));
#2182=CARTESIAN_POINT('Ctrl Pts',(31.6051506780778,52.4595996455681,-10.9133354926681));
#2183=CARTESIAN_POINT('Ctrl Pts',(31.4417536967415,52.4595996455681,-10.5780346326202));
#2184=CARTESIAN_POINT('Ctrl Pts',(31.2865060919546,52.4595996455681,-10.2403259837717));
#2185=CARTESIAN_POINT('Ctrl Pts',(31.1394520013747,52.4595996455681,-9.90078345029705));
#2186=CARTESIAN_POINT('Ctrl Pts',(30.9916578127669,52.4595996455681,-9.55953205746065));
#2187=CARTESIAN_POINT('Ctrl Pts',(30.8521397279484,52.4595996455681,-9.21642865590554));
#2188=CARTESIAN_POINT('Ctrl Pts',(30.7208905265289,52.4595996455681,-8.87204766946594));
#2189=CARTESIAN_POINT('Ctrl Pts',(30.5889082062228,52.4595996455681,-8.52574307356742));
#2190=CARTESIAN_POINT('Ctrl Pts',(30.4652872660868,52.4595996455681,-8.1781469468881));
#2191=CARTESIAN_POINT('Ctrl Pts',(30.3499695961098,52.4595996455681,-7.82982947593372));
#2192=CARTESIAN_POINT('Ctrl Pts',(30.2335349602158,52.4595996455681,-7.47813820507982));
#2193=CARTESIAN_POINT('Ctrl Pts',(30.1255650719879,52.4595996455681,-7.12571190982201));
#2194=CARTESIAN_POINT('Ctrl Pts',(30.0259506401104,52.4595996455681,-6.77311782096731));
#2195=CARTESIAN_POINT('Ctrl Pts',(29.9256972599157,52.4595996455681,-6.41826211805286));
#2196=CARTESIAN_POINT('Ctrl Pts',(29.8339066430059,52.4595996455681,-6.06323678616287));
#2197=CARTESIAN_POINT('Ctrl Pts',(29.7504204023946,52.4595996455681,-5.70859501686112));
#2198=CARTESIAN_POINT('Ctrl Pts',(29.6663582583522,52.4595996455681,-5.35150686345689));
#2199=CARTESIAN_POINT('Ctrl Pts',(29.5907151958045,52.4595996455681,-4.99480787492641));
#2200=CARTESIAN_POINT('Ctrl Pts',(29.5232857122907,52.4595996455681,-4.63903280921555));
#2201=CARTESIAN_POINT('Ctrl Pts',(29.455358669843,52.4595996455681,-4.28063249630983));
#2202=CARTESIAN_POINT('Ctrl Pts',(29.3957665774578,52.4595996455681,-3.92317004822466));
#2203=CARTESIAN_POINT('Ctrl Pts',(29.34425921262,52.4595996455681,-3.56715768542065));
#2204=CARTESIAN_POINT('Ctrl Pts',(29.2921323488185,52.4595996455681,-3.20686342447431));
#2205=CARTESIAN_POINT('Ctrl Pts',(29.2482855611879,52.4595996455681,-2.84805458736734));
#2206=CARTESIAN_POINT('Ctrl Pts',(29.2124229622999,52.4595996455681,-2.49122305850169));
#2207=CARTESIAN_POINT('Ctrl Pts',(29.1763016585903,52.4595996455681,-2.13181742625682));
#2208=CARTESIAN_POINT('Ctrl Pts',(29.1482798017188,52.4595996455681,-1.77441790392564));
#2209=CARTESIAN_POINT('Ctrl Pts',(29.1280231744648,52.4595996455681,-1.41948459560825));
#2210=CARTESIAN_POINT('Ctrl Pts',(29.1075388880248,52.4595996455681,-1.06056228028425));
#2211=CARTESIAN_POINT('Ctrl Pts',(29.0949950044356,52.4595996455681,-0.704162079026272));
#2212=CARTESIAN_POINT('Ctrl Pts',(29.090018718501,52.4595996455681,-0.350713961085885));
#2213=CARTESIAN_POINT('Ctrl Pts',(29.0883681525913,52.4595996455681,-0.23348005973819));
#2214=CARTESIAN_POINT('Ctrl Pts',(29.0875499453159,52.4595996455681,-0.116570554199384));
#2215=CARTESIAN_POINT('Ctrl Pts',(29.0875499453159,52.4595996455681,3.05089522183872E-15));
#2216=CARTESIAN_POINT('Origin',(54.,7.22541611496938E-15,0.));
#2217=CARTESIAN_POINT('Ctrl Pts',(29.0875499453159,52.4595996455681,3.33066907387547E-15));
#2218=CARTESIAN_POINT('Ctrl Pts',(29.0875499453159,52.4595996455681,-3.72723913268485));
#2219=CARTESIAN_POINT('Ctrl Pts',(30.7895368901475,52.4595996455682,-11.1714814118025));
#2220=CARTESIAN_POINT('Ctrl Pts',(38.7264830503183,52.4595996455693,-21.1536860473537));
#2221=CARTESIAN_POINT('Ctrl Pts',(49.5979146153262,52.459599645569,-25.4216712806991));
#2222=CARTESIAN_POINT('Ctrl Pts',(59.62970242932,52.4595996455685,-24.647161185556));
#2223=CARTESIAN_POINT('Ctrl Pts',(66.6431148267477,52.4595996455685,-21.9011525453856));
#2224=CARTESIAN_POINT('Ctrl Pts',(72.5370432621455,52.4595996455683,-17.1987946324755));
#2225=CARTESIAN_POINT('Ctrl Pts',(76.7831484294276,52.4595996455696,-10.972503887381));
#2226=CARTESIAN_POINT('Ctrl Pts',(79.0042414157409,52.4595996455693,-3.77025521402462));
#2227=CARTESIAN_POINT('Ctrl Pts',(79.005903424474,52.4595996455684,3.77148708001398));
#2228=CARTESIAN_POINT('Ctrl Pts',(76.7791496341576,52.4595996455684,10.9669577152912));
#2229=CARTESIAN_POINT('Ctrl Pts',(71.1314736703033,52.4595996455683,19.2911050191071));
#2230=CARTESIAN_POINT('Ctrl Pts',(61.0168346961039,52.4595996455685,25.1299459377834));
#2231=CARTESIAN_POINT('Ctrl Pts',(48.2626156935773,52.4595996455691,25.1126237085738));
#2232=CARTESIAN_POINT('Ctrl Pts',(37.937661106172,52.4595996455697,20.1470386337365));
#2233=CARTESIAN_POINT('Ctrl Pts',(30.7864810348693,52.4595996455687,11.1771188651355));
#2234=CARTESIAN_POINT('Ctrl Pts',(29.0875499453159,52.4595996455681,3.72723913268487));
#2235=CARTESIAN_POINT('Ctrl Pts',(29.0875499453159,52.4595996455681,5.55111512312578E-15));
#2236=CARTESIAN_POINT('Ctrl Pts',(28.7438915189166,53.0421778678493,3.50644956852359E-15));
#2237=CARTESIAN_POINT('Ctrl Pts',(28.7438915189166,53.0421778678493,-3.7786870205184));
#2238=CARTESIAN_POINT('Ctrl Pts',(30.4693467309025,53.0421778678494,-11.3255798610567));
#2239=CARTESIAN_POINT('Ctrl Pts',(38.5157773453316,53.0421778678505,-21.445502141472));
#2240=CARTESIAN_POINT('Ctrl Pts',(49.5371890142946,53.0421778678502,-25.7723626737988));
#2241=CARTESIAN_POINT('Ctrl Pts',(59.7073620819703,53.0421778678497,-24.9871707204385));
#2242=CARTESIAN_POINT('Ctrl Pts',(66.8175174987709,53.0421778678497,-22.2032843666081));
#2243=CARTESIAN_POINT('Ctrl Pts',(72.7927650646276,53.0421778678495,-17.436049103015));
#2244=CARTESIAN_POINT('Ctrl Pts',(77.0974428983749,53.0421778678507,-11.123869968049));
#2245=CARTESIAN_POINT('Ctrl Pts',(79.3491744884444,53.0421778678505,-3.82227033888105));
#2246=CARTESIAN_POINT('Ctrl Pts',(79.350858925478,53.0421778678496,3.82352533681534));
#2247=CARTESIAN_POINT('Ctrl Pts',(77.0933869652256,53.0421778678496,11.1182495524421));
#2248=CARTESIAN_POINT('Ctrl Pts',(71.367806190257,53.0421778678495,19.557225097045));
#2249=CARTESIAN_POINT('Ctrl Pts',(61.1136200958269,53.0421778678496,25.4766188293632));
#2250=CARTESIAN_POINT('Ctrl Pts',(48.1834801560248,53.0421778678503,25.4590504378271));
#2251=CARTESIAN_POINT('Ctrl Pts',(37.7160663942671,53.0421778678508,20.4249683454022));
#2252=CARTESIAN_POINT('Ctrl Pts',(30.4662547777789,53.0421778678499,11.3312958081772));
#2253=CARTESIAN_POINT('Ctrl Pts',(28.7438915189166,53.0421778678493,3.7786870205184));
#2254=CARTESIAN_POINT('Ctrl Pts',(28.7438915189166,53.0421778678493,5.46674721221681E-15));
#2255=CARTESIAN_POINT('Ctrl Pts',(28.3814093618351,53.96985258332,3.72662899356332E-15));
#2256=CARTESIAN_POINT('Ctrl Pts',(28.3814093618351,53.96985258332,-3.83291768704955));
#2257=CARTESIAN_POINT('Ctrl Pts',(30.131629385272,53.9698525833201,-11.4881280100996));
#2258=CARTESIAN_POINT('Ctrl Pts',(38.2935446228425,53.969852583321,-21.753292960732));
#2259=CARTESIAN_POINT('Ctrl Pts',(49.4731376293497,53.9698525833208,-26.1422537098704));
#2260=CARTESIAN_POINT('Ctrl Pts',(59.7892756150073,53.9698525833203,-25.3457923385759));
#2261=CARTESIAN_POINT('Ctrl Pts',(67.0014780948465,53.9698525833204,-22.5219507743194));
#2262=CARTESIAN_POINT('Ctrl Pts',(73.0624830333055,53.9698525833201,-17.6862955572741));
#2263=CARTESIAN_POINT('Ctrl Pts',(77.4289427629726,53.9698525833213,-11.2835223371079));
#2264=CARTESIAN_POINT('Ctrl Pts',(79.7129918204342,53.969852583321,-3.87712817855674));
#2265=CARTESIAN_POINT('Ctrl Pts',(79.7147004644703,53.9698525833202,3.8784008002922));
#2266=CARTESIAN_POINT('Ctrl Pts',(77.424828742997,53.9698525833202,11.2778211126667));
#2267=CARTESIAN_POINT('Ctrl Pts',(71.6170727798012,53.9698525833202,19.8379150289977));
#2268=CARTESIAN_POINT('Ctrl Pts',(61.2157171902451,53.9698525833203,25.8422649103775));
#2269=CARTESIAN_POINT('Ctrl Pts',(48.0999993588472,53.9698525833208,25.8244448286668));
#2270=CARTESIAN_POINT('Ctrl Pts',(37.4823564883209,53.9698525833213,20.7181122038458));
#2271=CARTESIAN_POINT('Ctrl Pts',(30.1284926725897,53.9698525833205,11.4939259479746));
#2272=CARTESIAN_POINT('Ctrl Pts',(28.3814093618351,53.96985258332,3.83291768704958));
#2273=CARTESIAN_POINT('Ctrl Pts',(28.3814093618351,53.96985258332,5.27344618184197E-15));
#2274=CARTESIAN_POINT('Ctrl Pts',(28.2727585369877,55.5247053268055,3.93437804599258E-15));
#2275=CARTESIAN_POINT('Ctrl Pts',(28.2727585369877,55.5247053268055,-3.84913651828277));
#2276=CARTESIAN_POINT('Ctrl Pts',(30.0304130131519,55.5247053268055,-11.5368596865351));
#2277=CARTESIAN_POINT('Ctrl Pts',(38.2269470531949,55.5247053268061,-21.8455408882726));
#2278=CARTESIAN_POINT('Ctrl Pts',(49.4539392383562,55.524705326806,-26.2531156811031));
#2279=CARTESIAN_POINT('Ctrl Pts',(59.8138285853205,55.5247053268057,-25.4532738601284));
#2280=CARTESIAN_POINT('Ctrl Pts',(67.0566239130277,55.5247053268057,-22.6174532275087));
#2281=CARTESIAN_POINT('Ctrl Pts',(73.14331740315,55.5247053268056,-17.7613010943739));
#2282=CARTESIAN_POINT('Ctrl Pts',(77.5282966779358,55.5247053268063,-11.331371862099));
#2283=CARTESIAN_POINT('Ctrl Pts',(79.8220332789386,55.5247053268061,-3.89356474685156));
#2284=CARTESIAN_POINT('Ctrl Pts',(79.8237497458134,55.5247053268056,3.89483566908806));
#2285=CARTESIAN_POINT('Ctrl Pts',(77.5241674942938,55.5247053268056,11.3256438409594));
#2286=CARTESIAN_POINT('Ctrl Pts',(71.6917769699722,55.5247053268056,19.92204240106));
#2287=CARTESIAN_POINT('Ctrl Pts',(61.2463305269937,55.5247053268057,25.9518479581798));
#2288=CARTESIAN_POINT('Ctrl Pts',(48.0749657548161,55.5247053268061,25.9339606330789));
#2289=CARTESIAN_POINT('Ctrl Pts',(37.4123272504137,55.5247053268063,20.8059698773164));
#2290=CARTESIAN_POINT('Ctrl Pts',(30.0272559955946,55.5247053268058,11.5426813734156));
#2291=CARTESIAN_POINT('Ctrl Pts',(28.2727585369877,55.5247053268055,3.84913651828278));
#2292=CARTESIAN_POINT('Ctrl Pts',(28.2727585369877,55.5247053268055,4.79024926164622E-15));
#2293=CARTESIAN_POINT('Ctrl Pts',(28.4972222767715,56.8501856501203,4.00896904982015E-15));
#2294=CARTESIAN_POINT('Ctrl Pts',(28.4972222767715,56.8501856501203,-3.81565598381321));
#2295=CARTESIAN_POINT('Ctrl Pts',(30.2395095304606,56.8501856501204,-11.436177296894));
#2296=CARTESIAN_POINT('Ctrl Pts',(38.3645215600814,56.8501856501207,-21.6549711689579));
#2297=CARTESIAN_POINT('Ctrl Pts',(49.4936012257076,56.8501856501207,-26.0240908284324));
#2298=CARTESIAN_POINT('Ctrl Pts',(59.7631040706853,56.8501856501205,-25.2312345765553));
#2299=CARTESIAN_POINT('Ctrl Pts',(66.9426933558006,56.8501856501205,-22.4201637786004));
#2300=CARTESIAN_POINT('Ctrl Pts',(72.9763282877054,56.8501856501204,-17.6063483945166));
#2301=CARTESIAN_POINT('Ctrl Pts',(77.3230469942293,56.8501856501209,-11.2325221601223));
#2302=CARTESIAN_POINT('Ctrl Pts',(79.5967694379482,56.8501856501208,-3.85961289470394));
#2303=CARTESIAN_POINT('Ctrl Pts',(79.5984693338518,56.8501856501205,3.860892372081));
#2304=CARTESIAN_POINT('Ctrl Pts',(77.3189475139176,56.8501856501204,11.226851359026));
#2305=CARTESIAN_POINT('Ctrl Pts',(71.5374523485266,56.8501856501204,19.748247139068));
#2306=CARTESIAN_POINT('Ctrl Pts',(61.1830781881187,56.8501856501204,25.7254699785707));
#2307=CARTESIAN_POINT('Ctrl Pts',(48.1266910652678,56.8501856501207,25.707715649912));
#2308=CARTESIAN_POINT('Ctrl Pts',(37.5569851515955,56.8501856501208,20.6244700336195));
#2309=CARTESIAN_POINT('Ctrl Pts',(30.2363994376963,56.8501856501205,11.4419505177219));
#2310=CARTESIAN_POINT('Ctrl Pts',(28.4972222767715,56.8501856501203,3.81565598381323));
#2311=CARTESIAN_POINT('Ctrl Pts',(28.4972222767715,56.8501856501203,4.27714388642457E-15));
#2312=CARTESIAN_POINT('Ctrl Pts',(29.5823568862549,58.7618560173102,3.8703939706563E-15));
#2313=CARTESIAN_POINT('Ctrl Pts',(29.5823568862549,58.7618560173102,-3.65319003056073));
#2314=CARTESIAN_POINT('Ctrl Pts',(31.2505453148242,58.7618560173102,-10.9496002476173));
#2315=CARTESIAN_POINT('Ctrl Pts',(39.0298509264035,58.7618560173102,-20.7335299254796));
#2316=CARTESIAN_POINT('Ctrl Pts',(49.6853483401669,58.7618560173102,-24.9167451734718));
#2317=CARTESIAN_POINT('Ctrl Pts',(59.5178862753426,58.7618560173102,-24.1576169192809));
#2318=CARTESIAN_POINT('Ctrl Pts',(66.3920021730878,58.7618560173102,-21.4661475339666));
#2319=CARTESIAN_POINT('Ctrl Pts',(72.1688576371863,58.7618560173102,-16.8571931064087));
#2320=CARTESIAN_POINT('Ctrl Pts',(76.3306278835227,58.7618560173102,-10.7545672567564));
#2321=CARTESIAN_POINT('Ctrl Pts',(78.5076062451223,58.7618560173102,-3.69536753433831));
#2322=CARTESIAN_POINT('Ctrl Pts',(78.5092355444847,58.7618560173102,3.69657122460101));
#2323=CARTESIAN_POINT('Ctrl Pts',(76.3267097053629,58.7618560173102,10.7491298740934));
#2324=CARTESIAN_POINT('Ctrl Pts',(70.791205203319,58.7618560173102,18.9079446040074));
#2325=CARTESIAN_POINT('Ctrl Pts',(60.877473140653,58.7618560173102,24.6308105593314));
#2326=CARTESIAN_POINT('Ctrl Pts',(48.3765648386112,58.7618560173102,24.6138367360925));
#2327=CARTESIAN_POINT('Ctrl Pts',(38.2567009559844,58.7618560173102,19.7468763982946));
#2328=CARTESIAN_POINT('Ctrl Pts',(31.247546495482,58.7618560173102,10.9551252915198));
#2329=CARTESIAN_POINT('Ctrl Pts',(29.5823568862549,58.7618560173102,3.65319003056074));
#2330=CARTESIAN_POINT('Ctrl Pts',(29.5823568862549,58.7618560173102,3.2941373651065E-15));
#2331=CARTESIAN_POINT('Ctrl Pts',(31.5152972027909,59.861022964206,3.36752581759179E-15));
#2332=CARTESIAN_POINT('Ctrl Pts',(31.5152972027909,59.861022964206,-3.36398853394512));
#2333=CARTESIAN_POINT('Ctrl Pts',(33.0514319639741,59.861022964206,-10.0828144089822));
#2334=CARTESIAN_POINT('Ctrl Pts',(40.2149159215152,59.8610229642058,-19.0922275964821));
#2335=CARTESIAN_POINT('Ctrl Pts',(50.026903289351,59.8610229642059,-22.9442927391677));
#2336=CARTESIAN_POINT('Ctrl Pts',(59.0810814571244,59.8610229642059,-22.2452576794292));
#2337=CARTESIAN_POINT('Ctrl Pts',(65.4110324463074,59.861022964206,-19.7668486772277));
#2338=CARTESIAN_POINT('Ctrl Pts',(70.7305785478234,59.861022964206,-15.5227493988614));
#2339=CARTESIAN_POINT('Ctrl Pts',(74.5628965376825,59.8610229642058,-9.90321702325975));
#2340=CARTESIAN_POINT('Ctrl Pts',(76.5675419199592,59.8610229642059,-3.40283459635571));
#2341=CARTESIAN_POINT('Ctrl Pts',(76.5690423823529,59.861022964206,3.4039412640523));
#2342=CARTESIAN_POINT('Ctrl Pts',(74.5592890878037,59.861022964206,9.89820943223543));
#2343=CARTESIAN_POINT('Ctrl Pts',(69.4619833050345,59.861022964206,17.4111592468464));
#2344=CARTESIAN_POINT('Ctrl Pts',(60.3330438332854,59.8610229642059,22.6809915483731));
#2345=CARTESIAN_POINT('Ctrl Pts',(48.8217223772178,59.8610229642059,22.6653634395956));
#2346=CARTESIAN_POINT('Ctrl Pts',(39.5029718774187,59.8610229642058,18.1836791768937));
#2347=CARTESIAN_POINT('Ctrl Pts',(33.0486688228068,59.8610229642059,10.0879018757491));
#2348=CARTESIAN_POINT('Ctrl Pts',(31.5152972027909,59.861022964206,3.36398853394514));
#2349=CARTESIAN_POINT('Ctrl Pts',(31.5152972027909,59.861022964206,2.31119378501143E-15));
#2350=CARTESIAN_POINT('Ctrl Pts',(32.9431749128492,60.,2.92133683981997E-15));
#2351=CARTESIAN_POINT('Ctrl Pts',(32.9431749128492,60.,-3.15040237227966));
#2352=CARTESIAN_POINT('Ctrl Pts',(34.381745167471,60.,-9.44250052327121));
#2353=CARTESIAN_POINT('Ctrl Pts',(41.0903125100558,59.9999999999999,-17.8797981512776));
#2354=CARTESIAN_POINT('Ctrl Pts',(50.2792119239199,60.,-21.4872401223872));
#2355=CARTESIAN_POINT('Ctrl Pts',(58.7584102643695,60.,-20.8325998023809));
#2356=CARTESIAN_POINT('Ctrl Pts',(64.6863755368412,60.,-18.5115839792595));
#2357=CARTESIAN_POINT('Ctrl Pts',(69.6681260212989,60.,-14.536990595028));
#2358=CARTESIAN_POINT('Ctrl Pts',(73.2570738143705,60.,-9.27432471438501));
#2359=CARTESIAN_POINT('Ctrl Pts',(75.1344146099147,59.9999999999999,-3.18674720424982));
#2360=CARTESIAN_POINT('Ctrl Pts',(75.1358191319026,60.,3.18779165233517));
#2361=CARTESIAN_POINT('Ctrl Pts',(73.253692859584,60.,9.26963809946256));
#2362=CARTESIAN_POINT('Ctrl Pts',(68.4800922352786,60.0000000000001,16.3054819379032));
#2363=CARTESIAN_POINT('Ctrl Pts',(59.9308553680366,60.,21.2406672608837));
#2364=CARTESIAN_POINT('Ctrl Pts',(49.1505784894927,60.,21.2260221432121));
#2365=CARTESIAN_POINT('Ctrl Pts',(40.4235702208259,59.9999999999999,17.0289465102963));
#2366=CARTESIAN_POINT('Ctrl Pts',(34.3791654487087,60.,9.44726586799622));
#2367=CARTESIAN_POINT('Ctrl Pts',(32.9431749128492,60.,3.15040237227967));
#2368=CARTESIAN_POINT('Ctrl Pts',(32.9431749128492,60.,1.80923523577344E-15));
#2369=CARTESIAN_POINT('Ctrl Pts',(33.3940991484717,60.,2.77555756156289E-15));
#2370=CARTESIAN_POINT('Ctrl Pts',(33.3940991484717,60.,-3.08292118396438));
#2371=CARTESIAN_POINT('Ctrl Pts',(34.8018681217687,60.,-9.24029703345097));
#2372=CARTESIAN_POINT('Ctrl Pts',(41.3667754384474,60.,-17.4969044144331));
#2373=CARTESIAN_POINT('Ctrl Pts',(50.3588914467488,60.,-21.0270943540438));
#2374=CARTESIAN_POINT('Ctrl Pts',(58.6565106935505,60.,-20.3864717659803));
#2375=CARTESIAN_POINT('Ctrl Pts',(64.4575330809532,60.,-18.11515836033));
#2376=CARTESIAN_POINT('Ctrl Pts',(69.3325937313196,60.,-14.2256845948379));
#2377=CARTESIAN_POINT('Ctrl Pts',(72.8446859538889,60.,-9.07571622622805));
#2378=CARTESIAN_POINT('Ctrl Pts',(74.6818244833201,60.,-3.11850118934994));
#2379=CARTESIAN_POINT('Ctrl Pts',(74.6831991850085,60.,3.11952010593096));
#2380=CARTESIAN_POINT('Ctrl Pts',(72.8413784197564,60.,9.07112880620525));
#2381=CARTESIAN_POINT('Ctrl Pts',(68.1700012289423,60.0000000000001,15.9563028312184));
#2382=CARTESIAN_POINT('Ctrl Pts',(59.8038530823788,60.,20.7857987978534));
#2383=CARTESIAN_POINT('Ctrl Pts',(49.2544221099988,60.,20.7714710164901));
#2384=CARTESIAN_POINT('Ctrl Pts',(40.7143150527802,60.,16.6642734707922));
#2385=CARTESIAN_POINT('Ctrl Pts',(34.7993405240916,60.,9.24495995517034));
#2386=CARTESIAN_POINT('Ctrl Pts',(33.3940991484717,60.,3.08292118396439));
#2387=CARTESIAN_POINT('Ctrl Pts',(33.3940991484717,60.,1.66533453693773E-15));
#2388=CARTESIAN_POINT('',(33.3940991484717,60.,1.41327202751202E-15));
#2389=CARTESIAN_POINT('Ctrl Pts',(29.0875499453159,52.4595996455681,3.33066907387547E-15));
#2390=CARTESIAN_POINT('Ctrl Pts',(28.7438915189166,53.0421778678493,3.50644956852359E-15));
#2391=CARTESIAN_POINT('Ctrl Pts',(28.3814093618351,53.96985258332,3.72662899356332E-15));
#2392=CARTESIAN_POINT('Ctrl Pts',(28.2727585369877,55.5247053268055,3.93437804599258E-15));
#2393=CARTESIAN_POINT('Ctrl Pts',(28.4972222767715,56.8501856501203,4.00896904982015E-15));
#2394=CARTESIAN_POINT('Ctrl Pts',(29.5823568862549,58.7618560173102,3.8703939706563E-15));
#2395=CARTESIAN_POINT('Ctrl Pts',(31.5152972027909,59.861022964206,3.36752581759179E-15));
#2396=CARTESIAN_POINT('Ctrl Pts',(32.9431749128492,60.,2.92133683981997E-15));
#2397=CARTESIAN_POINT('Ctrl Pts',(33.3940991484717,60.,2.77555756156289E-15));
#2398=CARTESIAN_POINT('Ctrl Pts',(33.3940991484717,60.,2.77555756156289E-15));
#2399=CARTESIAN_POINT('Ctrl Pts',(33.3940991484717,60.,-3.08292118396438));
#2400=CARTESIAN_POINT('Ctrl Pts',(34.8018681217687,60.,-9.24029703345097));
#2401=CARTESIAN_POINT('Ctrl Pts',(41.3667754384474,60.,-17.4969044144331));
#2402=CARTESIAN_POINT('Ctrl Pts',(50.3588914467488,60.,-21.0270943540438));
#2403=CARTESIAN_POINT('Ctrl Pts',(58.6565106935505,60.,-20.3864717659803));
#2404=CARTESIAN_POINT('Ctrl Pts',(64.4575330809532,60.,-18.11515836033));
#2405=CARTESIAN_POINT('Ctrl Pts',(69.3325937313196,60.,-14.2256845948379));
#2406=CARTESIAN_POINT('Ctrl Pts',(72.8446859538889,60.,-9.07571622622805));
#2407=CARTESIAN_POINT('Ctrl Pts',(74.6818244833201,60.,-3.11850118934994));
#2408=CARTESIAN_POINT('Ctrl Pts',(74.6831991850085,60.,3.11952010593096));
#2409=CARTESIAN_POINT('Ctrl Pts',(72.8413784197564,60.,9.07112880620525));
#2410=CARTESIAN_POINT('Ctrl Pts',(68.1700012289423,60.0000000000001,15.9563028312184));
#2411=CARTESIAN_POINT('Ctrl Pts',(59.8038530823788,60.,20.7857987978534));
#2412=CARTESIAN_POINT('Ctrl Pts',(49.2544221099988,60.,20.7714710164901));
#2413=CARTESIAN_POINT('Ctrl Pts',(40.7143150527802,60.,16.6642734707922));
#2414=CARTESIAN_POINT('Ctrl Pts',(34.7993405240916,60.,9.24495995517034));
#2415=CARTESIAN_POINT('Ctrl Pts',(33.3940991484717,60.,3.08292118396439));
#2416=CARTESIAN_POINT('Ctrl Pts',(33.3940991484717,60.,1.66533453693773E-15));
#2417=CARTESIAN_POINT('Origin',(24.,60.,3.67394039744206E-15));
#2418=CARTESIAN_POINT('',(59.,60.,0.));
#2419=CARTESIAN_POINT('Origin',(54.,60.,0.));
#2420=CARTESIAN_POINT('Origin',(49.,65.,6.12323399573677E-16));
#2421=CARTESIAN_POINT('',(59.,65.,0.));
#2422=CARTESIAN_POINT('Origin',(54.,65.,0.));
#2423=CARTESIAN_POINT('Origin',(54.,62.5,0.));
#2424=CARTESIAN_POINT('',(59.,62.5,0.));
#2425=UNCERTAINTY_MEASURE_WITH_UNIT(LENGTH_MEASURE(0.01),#2429,
'DISTANCE_ACCURACY_VALUE',
'Maximum model space distance between geometric entities at asserted c
onnectivities');
#2426=UNCERTAINTY_MEASURE_WITH_UNIT(LENGTH_MEASURE(0.01),#2429,
'DISTANCE_ACCURACY_VALUE',
'Maximum model space distance between geometric entities at asserted c
onnectivities');
#2427=(
GEOMETRIC_REPRESENTATION_CONTEXT(3)
GLOBAL_UNCERTAINTY_ASSIGNED_CONTEXT((#2425))
GLOBAL_UNIT_ASSIGNED_CONTEXT((#2429,#2431,#2432))
REPRESENTATION_CONTEXT('','3D')
);
#2428=(
GEOMETRIC_REPRESENTATION_CONTEXT(3)
GLOBAL_UNCERTAINTY_ASSIGNED_CONTEXT((#2426))
GLOBAL_UNIT_ASSIGNED_CONTEXT((#2429,#2431,#2432))
REPRESENTATION_CONTEXT('','3D')
);
#2429=(
LENGTH_UNIT()
NAMED_UNIT(*)
SI_UNIT(.MILLI.,.METRE.)
);
#2430=(
LENGTH_UNIT()
NAMED_UNIT(*)
SI_UNIT($,.METRE.)
);
#2431=(
NAMED_UNIT(*)
PLANE_ANGLE_UNIT()
SI_UNIT($,.RADIAN.)
);
#2432=(
NAMED_UNIT(*)
SI_UNIT($,.STERADIAN.)
SOLID_ANGLE_UNIT()
);
#2433=SHAPE_DEFINITION_REPRESENTATION(#2434,#2435);
#2434=PRODUCT_DEFINITION_SHAPE('',$,#2437);
#2435=SHAPE_REPRESENTATION('',(#277),#2427);
#2436=PRODUCT_DEFINITION_CONTEXT('part definition',#2441,'design');
#2437=PRODUCT_DEFINITION('spool for turret version idk',
'spool for turret version idk v2',#2438,#2436);
#2438=PRODUCT_DEFINITION_FORMATION('',$,#2443);
#2439=PRODUCT_RELATED_PRODUCT_CATEGORY(
'spool for turret version idk v2','spool for turret version idk v2',(#2443));
#2440=APPLICATION_PROTOCOL_DEFINITION('international standard',
'automotive_design',2009,#2441);
#2441=APPLICATION_CONTEXT(
'Core Data for Automotive Mechanical Design Process');
#2442=PRODUCT_CONTEXT('part definition',#2441,'mechanical');
#2443=PRODUCT('spool for turret version idk',
'spool for turret version idk v2',$,(#2442));
#2444=PRESENTATION_STYLE_ASSIGNMENT((#2445));
#2445=SURFACE_STYLE_USAGE(.BOTH.,#2446);
#2446=SURFACE_SIDE_STYLE('',(#2447));
#2447=SURFACE_STYLE_FILL_AREA(#2448);
#2448=FILL_AREA_STYLE('Steel - Satin',(#2449));
#2449=FILL_AREA_STYLE_COLOUR('Steel - Satin',#2450);
#2450=COLOUR_RGB('Steel - Satin',0.627450980392157,0.627450980392157,0.627450980392157);
ENDSEC;
END-ISO-10303-21;
